MUNICÍPIO;UF
Guajará-Mirim;RO
Alto Alegre dos Parecis;RO
Porto Velho;RO
Buritis;RO
Ji-Paraná;RO
Chupinguaia;RO
Ariquemes;RO
Cujubim;RO
Cacoal;RO
Nova União;RO
Pimenta Bueno;RO
Parecis;RO
Vilhena;RO
Pimenteiras do Oeste;RO
Jaru;RO
Primavera de Rondônia;RO
Ouro Preto do Oeste;RO
São Felipe D'Oeste;RO
Presidente Médici;RO
São Francisco do Guaporé;RO
Costa Marques;RO
Teixeirópolis;RO
Colorado do Oeste;RO
Vale do Anari;RO
Espigão D'Oeste;RO
Amajari;RR
Cerejeiras;RO
Cantá;RR
Rolim de Moura;RO
Caroebe;RR
Caldazinha;GO
Iracema;RR
Alta Floresta D'Oeste;RO
Pacaraima;RR
Alvorada D'Oeste;RO
Rorainópolis;RR
Cabixi;RO
Uiramutã;RR
Machadinho D'Oeste;RO
Anapu;PA
Nova Brasilândia D'Oeste;RO
Bannach;PA
Santa Luzia D'Oeste;RO
Belterra;PA
São Miguel do Guaporé;RO
Cachoeira do Piriá;PA
Nova Mamoré;RO
Canaã dos Carajás;PA
Jesúpolis;GO
Curuá;PA
Professor Jamil;GO
Floresta do Araguaia;PA
Santo Antônio de Goiás;GO
Marituba;PA
Cocalzinho de Goiás;GO
Nova Ipixuna;PA
Terezópolis de Goiás;GO
Piçarra;PA
Uirapuru;GO
Placas;PA
Buritinópolis;GO
Quatipuru;PA
Buriti de Goiás;GO
São João da Ponta;PA
Guaraíta;GO
Sapucaia;PA
Vila Boa;GO
Tracuateua;PA
Inaciolândia;GO
Vitória do Jari;AP
Aparecida do Rio Doce;GO
Aguiarnópolis;TO
Chapadão do Céu;GO
Bandeirantes do Tocantins;TO
Perolândia;GO
Barra do Ouro;TO
Cidade Ocidental;GO
Chapada de Areia;TO
Montividiu do Norte;GO
Chapada da Natividade;TO
Castelândia;GO
Crixás do Tocantins;TO
Santo Antônio da Barra;GO
Ipueiras;TO
Alto Horizonte;GO
Lavandeira;TO
Nova Iguaçu de Goiás;GO
Luzinópolis;TO
Cotriguaçu;MT
Monte Santo do Tocantins;TO
Planalto da Serra;MT
Oliveira de Fátima;TO
São Pedro da Cipa;MT
Pugmil;TO
Pontal do Araguaia;MT
Santa Rita do Tocantins;TO
Querência;MT
Santa Terezinha do Tocantins;TO
Ribeirãozinho;MT
Talismã;TO
Porto Estrela;MT
Tupirama;TO
Nova Marilândia;MT
Água Doce do Maranhão;MA
Brasiléia;AC
Alto Alegre do Maranhão;MA
Cruzeiro do Sul;AC
Alto Alegre do Pindaré;MA
Mâncio Lima;AC
Amapá do Maranhão;MA
Nova Maringá;MT
Apicum-Açu;MA
Feijó;AC
Araguanã;MA
Santo Afonso;MT
Bacabeira;MA
Nova Bandeirantes;MT
Bacurituba;MA
Nova Monte Verde;MT
Belágua;MA
Nova Guarita;MT
Bela Vista do Maranhão;MA
Santa Carmem;MT
Bernardo do Mearim;MA
Tabaporã;MT
Boa Vista do Gurupi;MA
Alto Boa Vista;MT
Bom Jesus das Selvas;MA
Canabrava do Norte;MT
Bom Lugar;MA
Confresa;MT
Brejo de Areia;MA
São José do Xingu;MT
Buriticupu;MA
Glória D'Oeste;MT
Buritirana;MA
Lambari D'Oeste;MT
Cachoeira Grande;MA
Rio Branco;AC
Campestre do Maranhão;MA
Alcinópolis;MS
Capinzal do Norte;MA
Nova Alvorada do Sul;MS
Central do Maranhão;MA
Sena Madureira;AC
Centro do Guilherme;MA
Tarauacá;AC
Centro Novo do Maranhão;MA
Xapuri;AC
Cidelândia;MA
Plácido de Castro;AC
Conceição do Lago-Açu;MA
Senador Guiomard;AC
Davinópolis;MA
Manoel Urbano;AC
Feira Nova do Maranhão;MA
Assis Brasil;AC
Fernando Falcão;MA
Novo Horizonte do Sul;MS
Formosa da Serra Negra;MA
Japorã;MS
Governador Edison Lobão;MA
Laguna Carapã;MS
Governador Luiz Rocha;MA
Angico;TO
Governador Newton Bello;MA
Aragominas;TO
Governador Nunes Freire;MA
Araguanã;TO
Igarapé do Meio;MA
Cachoeirinha;TO
Itaipava do Grajaú;MA
Campos Lindos;TO
Itinga do Maranhão;MA
Carmolândia;TO
Jatobá;MA
Carrasco Bonito;TO
Jenipapo dos Vieiras;MA
Darcinópolis;TO
Junco do Maranhão;MA
Esperantina;TO
Lagoa do Mato;MA
Maurilândia do Tocantins;TO
Lago dos Rodrigues;MA
Palmeiras do Tocantins;TO
Lagoa Grande do Maranhão;MA
Muricilândia;TO
Lajeado Novo;MA
Palmeirante;TO
Maracaçumé;MA
Pau D'Arco;TO
Marajá do Sena;MA
Riachinho;TO
Maranhãozinho;MA
Santa Fé do Araguaia;TO
Matões do Norte;MA
São Bento do Tocantins;TO
Milagres do Maranhão;MA
São Miguel do Tocantins;TO
Nova Colinas;MA
Novo Airão;AM
Nova Olinda do Maranhão;MA
Anori;AM
Olinda Nova do Maranhão;MA
Atalaia do Norte;AM
Paulino Neves;MA
Autazes;AM
Pedro do Rosário;MA
Barcelos;AM
Peritoró;MA
Barreirinha;AM
Porto Rico do Maranhão;MA
Benjamin Constant;AM
Presidente Médici;MA
Boca do Acre;AM
Presidente Sarney;MA
Borba;AM
Raposa;MA
Canutama;AM
Ribamar Fiquene;MA
Carauari;AM
Santa Filomena do Maranhão;MA
Careiro;AM
Santana do Maranhão;MA
Coari;AM
Santo Amaro do Maranhão;MA
Codajás;AM
São Domingos do Azeitão;MA
Eirunepé;AM
São Francisco do Brejão;MA
Envira;AM
São João do Carú;MA
Fonte Boa;AM
São João do Paraíso;MA
Humaitá;AM
São João do Soter;MA
Santa Isabel do Rio Negro;AM
São José dos Basílios;MA
Ipixuna;AM
São Pedro da Água Branca;MA
Itacoatiara;AM
São Pedro dos Crentes;MA
Itapiranga;AM
São Raimundo do Doca Bezerra;MA
Japurá;AM
São Roberto;MA
Juruá;AM
Satubinha;MA
Jutaí;AM
Senador Alexandre Costa;MA
Lábrea;AM
Senador La Rocque;MA
Manacapuru;AM
Serrano do Maranhão;MA
Manaus;AM
Sucupira do Riachão;MA
Manicoré;AM
Trizidela do Vale;MA
Maraã;AM
Tufilândia;MA
Maués;AM
Turilândia;MA
Nhamundá;AM
Vila Nova dos Martírios;MA
Nova Olinda do Norte;AM
Acauã;PI
Novo Aripuanã;AM
Alvorada do Gurguéia;PI
Parintins;AM
Assunção do Piauí;PI
Pauini;AM
Barra D'Alcântara;PI
Santo Antônio do Içá;AM
Bela Vista do Piauí;PI
São Paulo de Olivença;AM
Belém do Piauí;PI
Silves;AM
Betânia do Piauí;PI
Tapauá;AM
Boa Hora;PI
Tefé;AM
Boqueirão do Piauí;PI
São Gabriel da Cachoeira;AM
Brejo do Piauí;PI
Urucará;AM
Cajazeiras do Piauí;PI
Urucurituba;AM
Cajueiro da Praia;PI
Alvarães;AM
Campo Alegre do Fidalgo;PI
Amaturá;AM
Campo Grande do Piauí;PI
Anamã;AM
Campo Largo do Piauí;PI
Beruri;AM
Capitão Gervásio Oliveira;PI
Boa Vista do Ramos;AM
Caraúbas do Piauí;PI
Caapiranga;AM
Caridade do Piauí;PI
Boa Vista;RR
Caxingó;PI
Caracaraí;RR
Cocal de Telha;PI
Alto Alegre;RR
Cocal dos Alves;PI
Bonfim;RR
Currais;PI
Mucajaí;RR
Curralinhos;PI
Normandia;RR
Curral Novo do Piauí;PI
São João da Baliza;RR
Floresta do Piauí;PI
São Luiz;RR
Francisco Macedo;PI
Mateiros;TO
Geminiano;PI
Guaribas;PI
Novo Jardim;TO
Ilha Grande;PI
Rio da Conceição;TO
Jatobá do Piauí;PI
Taipas do Tocantins;TO
João Costa;PI
Cariri do Tocantins;TO
Joca Marques;PI
Jaú do Tocantins;TO
Juazeiro do Piauí;PI
Sandolândia;TO
Júlio Borges;PI
São Salvador do Tocantins;TO
Jurema;PI
Sucupira;TO
Lagoinha do Piauí;PI
Abreulândia;TO
Lagoa de São Francisco;PI
Brasilândia do Tocantins;TO
Lagoa do Piauí;PI
Bom Jesus do Tocantins;TO
Lagoa do Sítio;PI
Centenário;TO
Madeiro;PI
Tabocão;TO
Massapê do Piauí;PI
Itapiratins;TO
Milton Brandão;PI
Juarina;TO
Morro Cabeça no Tempo;PI
Lajeado;TO
Morro do Chapéu do Piauí;PI
Lagoa do Tocantins;TO
Murici dos Portelas;PI
Piraquê;TO
Nossa Senhora de Nazaré;PI
Recursolândia;TO
Novo Santo Antônio;PI
Rio dos Bois;TO
Olho D'Água do Piauí;PI
Santa Maria do Tocantins;TO
Pajeú do Piauí;PI
São Félix do Tocantins;TO
Paquetá;PI
Tupiratins;TO
Pavussu;PI
Lagoa da Confusão;TO
Pedro Laurentino;PI
Santa Bárbara do Pará;PA
Nova Santa Rita;PI
Santa Luzia do Pará;PA
Porto Alegre do Piauí;PI
Terra Alta;PA
Riacho Frio;PI
Abel Figueiredo;PA
Ribeira do Piauí;PI
Eldorado do Carajás;PA
Santo Antônio dos Milagres;PI
Palestina do Pará;PA
São Francisco de Assis do Piauí;PI
São Domingos do Araguaia;PA
São Gonçalo do Gurguéia;PI
Água Azul do Norte;PA
São João da Fronteira;PI
Cumaru do Norte;PA
São João da Varjota;PI
Pau D'Arco;PA
São João do Arraial;PI
Aurora do Pará;PA
São Luis do Piauí;PI
Nova Esperança do Piriá;PA
São Miguel da Baixa Grande;PI
São João de Pirabas;PA
São Miguel do Fidalgo;PI
Tailândia;PA
Sebastião Barros;PI
Tucumã;PA
Sebastião Leal;PI
Uruará;PA
Sussuapara;PI
Abaetetuba;PA
Tamboril do Piauí;PI
Acará;PA
Tanque do Piauí;PI
Afuá;PA
Vera Mendes;PI
Alenquer;PA
Vila Nova do Piauí;PI
Almeirim;PA
Wall Ferraz;PI
Altamira;PA
Bodó;RN
Anajás;PA
Caiçara do Norte;RN
Ananindeua;PA
Fernando Pedroza;RN
Augusto Corrêa;PA
Itajá;RN
Aveiro;PA
Major Sales;RN
Bagre;PA
Rio do Fogo;RN
Baião;PA
Santa Maria;RN
Barcarena;PA
Porto do Mangue;RN
Belém;PA
Tibau;RN
Benevides;PA
São Miguel do Gostoso;RN
Bonito;PA
Serrinha dos Pintos;RN
Bragança;PA
Tenente Laurentino Cruz;RN
Breves;PA
Triunfo Potiguar;RN
Bujaru;PA
Venha-Ver;RN
Cachoeira do Arari;PA
Alcantil;PB
Cametá;PA
Algodão de Jandaíra;PB
Capanema;PA
Amparo;PB
Capitão Poço;PA
Aparecida;PB
Castanhal;PA
Areia de Baraúnas;PB
Chaves;PA
Assunção;PB
Colares;PA
Baraúna;PB
Conceição do Araguaia;PA
Barra de Santana;PB
Curralinho;PA
Bernardino Batista;PB
Curuçá;PA
Boa Vista;PB
Faro;PA
Cacimbas;PB
Gurupá;PA
Cajazeirinhas;PB
Igarapé-Açu;PA
Capim;PB
Igarapé-Miri;PA
Caraúbas;PB
Inhangapi;PA
Casserengue;PB
Irituia;PA
Caturité;PB
Itaituba;PA
Coxixola;PB
Itupiranga;PA
Cuité de Mamanguape;PB
Jacundá;PA
Curral de Cima;PB
Juruti;PA
Damião;PB
Limoeiro do Ajuru;PA
Gado Bravo;PB
Magalhães Barata;PA
Logradouro;PB
Marabá;PA
Marcação;PB
Maracanã;PA
Marizópolis;PB
Marapanim;PA
Matinhas;PB
Melgaço;PA
Mato Grosso;PB
Mocajuba;PA
Maturéia;PB
Moju;PA
Parari;PB
Monte Alegre;PA
Poço Dantas;PB
Muaná;PA
Poço de José de Moura;PB
Nova Timboteua;PA
Pedro Régis;PB
Óbidos;PA
Riachão;PB
Oeiras do Pará;PA
Riachão do Bacamarte;PB
Oriximiná;PA
Riachão do Poço;PB
Ourém;PA
Riacho de Santo Antônio;PB
Paragominas;PA
Santa Cecília;PB
Peixe-Boi;PA
Santa Inês;PB
Ponta de Pedras;PA
Joca Claudino;PB
Portel;PA
Santo André;PB
Porto de Moz;PA
São Bentinho;PB
Prainha;PA
São Domingos do Cariri;PB
Primavera;PA
São Domingos;PB
Salinópolis;PA
São Francisco;PB
Salvaterra;PA
São José dos Ramos;PB
Santa Cruz do Arari;PA
São José de Princesa;PB
Santa Izabel do Pará;PA
São José do Brejo do Cruz;PB
Santa Maria do Pará;PA
Sertãozinho;PB
Santana do Araguaia;PA
Sobrado;PB
Santarém;PA
Sossêgo;PB
Santarém Novo;PA
Tenório;PB
Santo Antônio do Tauá;PA
Vieirópolis;PB
São Caetano de Odivelas;PA
Zabelê;PB
São Domingos do Capim;PA
Araçoiaba;PE
São Félix do Xingu;PA
Casinhas;PE
São Francisco do Pará;PA
Jaqueira;PE
São João do Araguaia;PA
Jatobá;PE
São Miguel do Guamá;PA
Lagoa Grande;PE
São Sebastião da Boa Vista;PA
Manari;PE
Senador José Porfírio;PA
Santa Filomena;PE
Soure;PA
Tamandaré;PE
Tomé-Açu;PA
Campestre;AL
Tucuruí;PA
Jequiá da Praia;AL
Vigia;PA
Alto Caparaó;MG
Viseu;PA
Angelândia;MG
Redenção;PA
Aricanduva;MG
Rio Maria;PA
Berizal;MG
Xinguara;PA
Bonito de Minas;MG
Rondon do Pará;PA
Brasilândia de Minas;MG
Bom Jesus do Tocantins;PA
Bugre;MG
Brejo Grande do Araguaia;PA
Cabeceira Grande;MG
Concórdia do Pará;PA
Campo Azul;MG
Curionópolis;PA
Cantagalo;MG
Dom Eliseu;PA
Catas Altas;MG
Garrafão do Norte;PA
Catuti;MG
Mãe do Rio;PA
Chapada Gaúcha;MG
Medicilândia;PA
Cônego Marinho;MG
Ourilândia do Norte;PA
Confins;MG
Pacajá;PA
Córrego Fundo;MG
Parauapebas;PA
Crisólita;MG
Rurópolis;PA
Cuparaque;MG
Santa Maria das Barreiras;PA
Curral de Dentro;MG
Amapá;AP
Delta;MG
Calçoene;AP
Divisa Alegre;MG
Macapá;AP
Dom Bosco;MG
Mazagão;AP
Franciscópolis;MG
Oiapoque;AP
Frei Lagonegro;MG
Ferreira Gomes;AP
Fruta de Leite;MG
Laranjal do Jari;AP
Gameleiras;MG
Santana;AP
Glaucilândia;MG
Tartarugalzinho;AP
Goiabeira;MG
São Geraldo do Araguaia;PA
Goianá;MG
Ipixuna do Pará;PA
Guaraciama;MG
Ulianópolis;PA
Ibiracatu;MG
Breu Branco;PA
Imbé de Minas;MG
Goianésia do Pará;PA
Indaiabira;MG
Novo Repartimento;PA
Japonvar;MG
Jacareacanga;PA
Jenipapo de Minas;MG
Novo Progresso;PA
José Gonçalves de Minas;MG
Trairão;PA
José Raydan;MG
Terra Santa;PA
Josenópolis;MG
Brasil Novo;PA
Juvenília;MG
Vitória do Xingu;PA
Leme do Prado;MG
Acrelândia;AC
Luisburgo;MG
Bujari;AC
Luislândia;MG
Capixaba;AC
Mário Campos;MG
Porto Acre;AC
Martins Soares;MG
Epitaciolândia;AC
Miravânia;MG
Jordão;AC
Monte Formoso;MG
Marechal Thaumaturgo;AC
Naque;MG
Porto Walter;AC
Natalândia;MG
Rodrigues Alves;AC
Ninheira;MG
Santa Rosa do Purus;AC
Nova Belém;MG
Pedra Branca do Amapari;AP
Nova Porteirinha;MG
Serra do Navio;AP
Novo Oriente de Minas;MG
Cutias;AP
Novorizonte;MG
Itaubal;AP
Olhos-d'Água;MG
Porto Grande;AP
Oratórios;MG
Pracuúba;AP
Orizânia;MG
Alto Paraíso;RO
Padre Carvalho;MG
Cacaulândia;RO
Pai Pedro;MG
Campo Novo de Rondônia;RO
Patis;MG
Candeias do Jamari;RO
Pedra Bonita;MG
Itapuã do Oeste;RO
Periquito;MG
Monte Negro;RO
Piedade de Caratinga;MG
Rio Crespo;RO
Pingo-d'Água;MG
Novo Horizonte do Oeste;RO
Pintópolis;MG
Castanheiras;RO
Ponto Chique;MG
Governador Jorge Teixeira;RO
Ponto dos Volantes;MG
Ministro Andreazza;RO
Reduto;MG
Mirante da Serra;RO
Rosário da Limeira;MG
Seringueiras;RO
Santa Bárbara do Monte Verde;MG
Afonso Cunha;MA
Santa Cruz de Minas;MG
Alcântara;MA
Santa Cruz de Salinas;MG
Aldeias Altas;MA
Santa Helena de Minas;MG
Altamira do Maranhão;MA
Santo Antônio do Retiro;MG
Alto Parnaíba;MA
São Domingos das Dores;MG
Amarante do Maranhão;MA
São Félix de Minas;MG
Anajatuba;MA
São Geraldo do Baixio;MG
Anapurus;MA
São João da Lagoa;MG
Araioses;MA
São João das Missões;MG
Arari;MA
São João do Pacuí;MG
Axixá;MA
São Joaquim de Bicas;MG
Bacabal;MA
São José da Barra;MG
Bacuri;MA
São Sebastião da Vargem Alegre;MG
Balsas;MA
São Sebastião do Anta;MG
Barão de Grajaú;MA
Sarzedo;MG
Barra do Corda;MA
Setubinha;MG
Barreirinhas;MA
Sem-Peixe;MG
Benedito Leite;MA
Serranópolis de Minas;MG
Bequimão;MA
Taparuba;MG
Brejo;MA
Tocos do Moji;MG
Buriti;MA
União de Minas;MG
Buriti Bravo;MA
Uruana de Minas;MG
Cajapió;MA
Vargem Alegre;MG
Cajari;MA
Vargem Grande do Rio Pardo;MG
Cândido Mendes;MA
Varjão de Minas;MG
Cantanhede;MA
Verdelândia;MG
Carolina;MA
Veredinha;MG
Carutapera;MA
Vermelho Novo;MG
Caxias;MA
Brejetuba;ES
Cedral;MA
Marataízes;ES
Chapadinha;MA
Ponto Belo;ES
Codó;MA
São Roque do Canaã;ES
Coelho Neto;MA
Sooretama;ES
Colinas;MA
Vila Valério;ES
Coroatá;MA
Armação dos Búzios;RJ
Cururupu;MA
Carapebus;RJ
Dom Pedro;MA
Iguaba Grande;RJ
Duque Bacelar;MA
Macuco;RJ
Esperantinópolis;MA
Pinheiral;RJ
Fortaleza dos Nogueiras;MA
Porto Real;RJ
Fortuna;MA
São Francisco de Itabapoana;RJ
Godofredo Viana;MA
São José de Ubá;RJ
Gonçalves Dias;MA
Seropédica;RJ
Governador Archer;MA
Tanguá;RJ
Governador Eugênio Barros;MA
Arco-Íris;SP
Graça Aranha;MA
Brejo Alegre;SP
Grajaú;MA
Canas;SP
Guimarães;MA
Fernão;SP
Humberto de Campos;MA
Gavião Peixoto;SP
Icatu;MA
Ipiguá;SP
Igarapé Grande;MA
Jumirim;SP
Imperatriz;MA
Nantes;SP
São Luís Gonzaga do Maranhão;MA
Nova Castilho;SP
Itapecuru Mirim;MA
Ouroeste;SP
João Lisboa;MA
Paulistânia;SP
Joselândia;MA
Pracinha;SP
Lago da Pedra;MA
Pratânia;SP
Lago do Junco;MA
Quadra;SP
Lago Verde;MA
Ribeirão dos Índios;SP
Lima Campos;MA
Santa Cruz da Esperança;SP
Loreto;MA
Santa Salete;SP
Luís Domingues;MA
Taquaral;SP
Magalhães de Almeida;MA
Trabiju;SP
Mata Roma;MA
Vitória Brasil;SP
Matinha;MA
Arapuã;PR
Matões;MA
Ariranha do Ivaí;PR
Mirador;MA
Bela Vista da Caroba;PR
Mirinzal;MA
Boa Ventura de São Roque;PR
Monção;MA
Bom Jesus do Sul;PR
Montes Altos;MA
Campina do Simão;PR
Morros;MA
Campo Magro;PR
Nina Rodrigues;MA
Carambeí;PR
Nova Iorque;MA
Coronel Domingos Soares;PR
Olho d'Água das Cunhãs;MA
Cruzmaltina;PR
Paço do Lumiar;MA
Esperança Nova;PR
Palmeirândia;MA
Espigão Alto do Iguaçu;PR
Paraibano;MA
Fernandes Pinheiro;PR
Parnarama;MA
Foz do Jordão;PR
Passagem Franca;MA
Goioxim;PR
Pastos Bons;MA
Guamiranga;PR
Pedreiras;MA
Imbaú;PR
Penalva;MA
Manfrinópolis;PR
Peri Mirim;MA
Marquinho;PR
Pindaré-Mirim;MA
Perobal;PR
Pinheiro;MA
Pontal do Paraná;PR
Pio XII;MA
Porto Barreiro;PR
Pirapemas;MA
Prado Ferreira;PR
Poção de Pedras;MA
Quarto Centenário;PR
Porto Franco;MA
Reserva do Iguaçu;PR
Presidente Dutra;MA
Rio Branco do Ivaí;PR
Presidente Juscelino;MA
Serranópolis do Iguaçu;PR
Presidente Vargas;MA
Tamarana;PR
Primeira Cruz;MA
Alto Bela Vista;SC
Riachão;MA
Balneário Arroio do Silva;SC
São José de Ribamar;MA
Balneário Gaivota;SC
Rosário;MA
Bandeirante;SC
Sambaíba;MA
Barra Bonita;SC
Santa Helena;MA
Bela Vista do Toldo;SC
Santa Luzia;MA
Bocaina do Sul;SC
Santa Quitéria do Maranhão;MA
Bom Jesus;SC
Santa Rita;MA
Bom Jesus do Oeste;SC
Santo Antônio dos Lopes;MA
Brunópolis;SC
São Benedito do Rio Preto;MA
Capão Alto;SC
São Bento;MA
Chapadão do Lageado;SC
São Bernardo;MA
Cunhataí;SC
São Domingos do Maranhão;MA
Entre Rios;SC
São Félix de Balsas;MA
Ermo;SC
São Francisco do Maranhão;MA
Flor do Sertão;SC
São João Batista;MA
Frei Rogério;SC
São João dos Patos;MA
Ibiam;SC
São Luís;MA
Iomerê;SC
São Mateus do Maranhão;MA
Jupiá;SC
São Raimundo das Mangabeiras;MA
Luzerna;SC
São Vicente Ferrer;MA
Paial;SC
Sítio Novo;MA
Painel;SC
Sucupira do Norte;MA
Palmeira;SC
Tasso Fragoso;MA
Princesa;SC
Timbiras;MA
Saltinho;SC
Timon;MA
Santa Terezinha do Progresso;SC
Tuntum;MA
Santiago do Sul;SC
Turiaçu;MA
São Bernardino;SC
Tutóia;MA
São Pedro de Alcântara;SC
Urbano Santos;MA
Tigrinhos;SC
Vargem Grande;MA
Treviso;SC
Viana;MA
Zortéa;SC
Vitória do Mearim;MA
Araricá;RS
Vitorino Freire;MA
Balneário Pinhal;RS
Bom Jardim;MA
Barra do Quaraí;RS
Santa Inês;MA
Benjamin Constant do Sul;RS
Paulo Ramos;MA
Boa Vista do Sul;RS
Açailândia;MA
Capivari do Sul;RS
Estreito;MA
Caraá;RS
Careiro da Várzea;AM
Cerrito;RS
Guajará;AM
Chuí;RS
Apuí;AM
Chuvisca;RS
Teotônio Vilela;AL
Cristal do Sul;RS
Forquilhinha;SC
Dilermando de Aguiar;RS
Theobroma;RO
Dom Pedro de Alcântara;RS
Urupá;RO
Doutor Ricardo;RS
Vale do Paraíso;RO
Esperança do Sul;RS
Corumbiara;RO
Estrela Velha;RS
Catunda;CE
Fazenda Vilanova;RS
Jijoca de Jericoacoara;CE
Floriano Peixoto;RS
Fortim;CE
Herveiras;RS
Ararendá;CE
Itaara;RS
Itaitinga;CE
Jari;RS
Choró;CE
Maçambará;RS
Coivaras;PI
Mampituba;RS
Jardim do Mulato;PI
Marques de Souza;RS
Lagoa Alegre;PI
Monte Alegre dos Campos;RS
Agricolândia;PI
Muitos Capões;RS
Água Branca;PI
Nova Candelária;RS
Alto Longá;PI
Nova Ramada;RS
Altos;PI
Novo Cabrais;RS
Amarante;PI
Passa Sete;RS
Angical do Piauí;PI
Senador Salgado Filho;RS
Anísio de Abreu;PI
Sete de Setembro;RS
Antônio Almeida;PI
Tabaí;RS
Aroazes;PI
Toropi;RS
Arraial;PI
Turuçu;RS
Avelino Lopes;PI
Ubiretama;RS
Barras;PI
Unistalda;RS
Barreiras do Piauí;PI
Vale Verde;RS
Barro Duro;PI
Vespasiano Corrêa;RS
Batalha;PI
Vila Lângaro;RS
Beneditinos;PI
Campos de Júlio;MT
Bertolínia;PI
Carlinda;MT
Bocaina;PI
Feliz Natal;MT
Bom Jesus;PI
Gaúcha do Norte;MT
Buriti dos Lopes;PI
Nova Lacerda;MT
Campinas do Piauí;PI
Nova Ubiratã;MT
Campo Maior;PI
Novo Mundo;MT
Canto do Buriti;PI
Sapezal;MT
Capitão de Campos;PI
União do Sul;MT
Caracol;PI
Abadia de Goiás;GO
Castelo do Piauí;PI
Águas Lindas de Goiás;GO
Cocal;PI
Amaralina;GO
Conceição do Canindé;PI
Bonópolis;GO
Corrente;PI
Novo Gama;GO
Cristalândia do Piauí;PI
Porteirão;GO
Cristino Castro;PI
Santa Rita do Novo Destino;GO
Curimatá;PI
São Patrício;GO
Demerval Lobão;PI
Valparaíso de Goiás;GO
Dom Expedito Lopes;PI
Vila Propício;GO
Elesbão Veloso;PI
Eliseu Martins;PI
Esperantina;PI
Flores do Piauí;PI
Floriano;PI
Francinópolis;PI
Francisco Ayres;PI
Francisco Santos;PI
Fronteiras;PI
Gilbués;PI
Guadalupe;PI
Hugo Napoleão;PI
Inhuma;PI
Santa Cruz do Xingu;MT
Ipiranga do Piauí;PI
Santa Rita do Trivelato;MT
Isaías Coelho;PI
Santo Antônio do Leste;MT
Itainópolis;PI
Serra Nova Dourada;MT
Itaueira;PI
Vale de São Domingos;MT
Jaicós;PI
Pau D'Arco do Piauí;PI
Jerumenha;PI
Joaquim Pires;PI
Jundiá;RN
José de Freitas;PI
Landri Sales;PI
Luís Correia;PI
Luzilândia;PI
Mesquita;RJ
Manoel Emídio;PI
Aceguá;RS
Marcos Parente;PI
Almirante Tamandaré do Sul;RS
Matias Olímpio;PI
Arroio do Padre;RS
Miguel Alves;PI
Boa Vista do Cadeado;RS
Miguel Leão;PI
Boa Vista do Incra;RS
Monsenhor Gil;PI
Bozano;RS
Monsenhor Hipólito;PI
Canudos do Vale;RS
Monte Alegre do Piauí;PI
Capão Bonito do Sul;RS
Nazaré do Piauí;PI
Capão do Cipó;RS
Nossa Senhora dos Remédios;PI
Coqueiro Baixo;RS
Novo Oriente do Piauí;PI
Coronel Pilar;RS
Oeiras;PI
Cruzaltense;RS
Domingos Mourão;PI
Forquetinha;RS
Padre Marcos;PI
Itati;RS
Paes Landim;PI
Jacuizinho;RS
Palmeira do Piauí;PI
Lagoa Bonita do Sul;RS
Palmeirais;PI
Mato Queimado;RS
Parnaguá;PI
Novo Xingu;RS
Parnaíba;PI
Paulo Bento;RS
Paulistana;PI
Pedras Altas;RS
Pedro II;PI
Pinhal da Serra;RS
Picos;PI
Pinto Bandeira;RS
Pimenteiras;PI
Quatro Irmãos;RS
Pio IX;PI
Rolador;RS
Piracuruca;PI
Santa Cecília do Sul;RS
Piripiri;PI
Santa Margarida do Sul;RS
Porto;PI
São José do Sul;RS
Prata do Piauí;PI
São Pedro das Missões;RS
Redenção do Gurguéia;PI
Tio Hugo;RS
Regeneração;PI
Westfália;RS
Ribeiro Gonçalves;PI
Figueirão;MS
Rio Grande do Piauí;PI
Santa Cruz do Piauí;PI
Santa Filomena;PI
Ipiranga do Norte;MT
Santa Luz;PI
Itanhangá;MT
Santo Antônio de Lisboa;PI
Aroeiras do Itaim;PI
Santo Inácio do Piauí;PI
São Félix do Piauí;PI
São Francisco do Piauí;PI
São Gonçalo do Piauí;PI
São João da Serra;PI
São João do Piauí;PI
São José do Peixe;PI
São José do Piauí;PI
São Julião;PI
São Miguel do Tapuio;PI
São Pedro do Piauí;PI
São Raimundo Nonato;PI
Simões;PI
Simplício Mendes;PI
Socorro do Piauí;PI
Teresina;PI
União;PI
Uruçuí;PI
Valença do Piauí;PI
Várzea Grande;PI
Dirceu Arcoverde;PI
Acarape;CE
Banabuiú;CE
Barreira;CE
Barroquinha;CE
Chorozinho;CE
Croatá;CE
Deputado Irapuan Pinheiro;CE
Ereré;CE
Eusébio;CE
Graça;CE
Guaiúba;CE
Horizonte;CE
Ibaretama;CE
Ibicuitinga;CE
Ipaporanga;CE
Madalena;CE
Miraíma;CE
Ocara;CE
Pindoretama;CE
Pires Ferreira;CE
Potiretama;CE
Salitre;CE
Tarrafas;CE
Tejuçuoca;CE
Tururu;CE
Arame;MA
Miranda do Norte;MA
Santa Luzia do Paruá;MA
Zé Doca;MA
Dom Inocêncio;PI
São João da Canabrava;PI
Passagem Franca do Piauí;PI
Santa Cruz dos Milagres;PI
Buriti dos Montes;PI
Cabeceiras do Piauí;PI
Abaiara;CE
Acaraú;CE
Acopiara;CE
Aiuaba;CE
Alcântaras;CE
Altaneira;CE
Alto Santo;CE
Antonina do Norte;CE
Apuiarés;CE
Aquiraz;CE
Aracati;CE
Aracoiaba;CE
Araripe;CE
Aratuba;CE
Arneiroz;CE
Assaré;CE
Aurora;CE
Baixio;CE
Barbalha;CE
Barro;CE
Baturité;CE
Beberibe;CE
Bela Cruz;CE
Boa Viagem;CE
Brejo Santo;CE
Camocim;CE
Campos Sales;CE
Canindé;CE
Capistrano;CE
Caridade;CE
Cariré;CE
Caririaçu;CE
Cariús;CE
Carnaubal;CE
Cascavel;CE
Catarina;CE
Caucaia;CE
Cedro;CE
Chaval;CE
Sigefredo Pacheco;PI
Coreaú;CE
Crateús;CE
Crato;CE
Farias Brito;CE
Fortaleza;CE
Frecheirinha;CE
General Sampaio;CE
Granja;CE
Granjeiro;CE
Groaíras;CE
Guaraciaba do Norte;CE
Guaramiranga;CE
Hidrolândia;CE
Ibiapina;CE
Icó;CE
Iguatu;CE
Independência;CE
Ipaumirim;CE
Ipu;CE
Ipueiras;CE
Iracema;CE
Irauçuba;CE
Itaiçaba;CE
Itapajé;CE
Itapipoca;CE
Itapiúna;CE
Itatira;CE
Jaguaretama;CE
Jaguaribara;CE
Jaguaribe;CE
Jaguaruana;CE
Jardim;CE
Jati;CE
Juazeiro do Norte;CE
Jucás;CE
Lavras da Mangabeira;CE
Limoeiro do Norte;CE
Maranguape;CE
Marco;CE
Martinópole;CE
Massapê;CE
Mauriti;CE
Meruoca;CE
Milagres;CE
Missão Velha;CE
Mombaça;CE
Monsenhor Tabosa;CE
Morada Nova;CE
Moraújo;CE
Morrinhos;CE
Mucambo;CE
Mulungu;CE
Nova Olinda;CE
Nova Russas;CE
Novo Oriente;CE
Orós;CE
Pacajus;CE
Pacatuba;CE
Pacoti;CE
Pacujá;CE
Palhano;CE
Palmácia;CE
Paracuru;CE
Parambu;CE
Paramoti;CE
Pedra Branca;CE
Penaforte;CE
Pentecoste;CE
Pereiro;CE
Piquet Carneiro;CE
Poranga;CE
Porteiras;CE
Potengi;CE
Quixadá;CE
Quixeramobim;CE
Quixeré;CE
Redenção;CE
Reriutaba;CE
Russas;CE
Saboeiro;CE
Santana do Acaraú;CE
Santana do Cariri;CE
Santa Quitéria;CE
São Benedito;CE
São Gonçalo do Amarante;CE
São João do Jaguaribe;CE
São Luís do Curu;CE
Senador Pompeu;CE
Senador Sá;CE
Sobral;CE
Solonópole;CE
Tabuleiro do Norte;CE
Tamboril;CE
Tauá;CE
Tianguá;CE
Trairi;CE
Ubajara;CE
Umari;CE
Uruburetama;CE
Uruoca;CE
Várzea Alegre;CE
Viçosa do Ceará;CE
Maracanaú;CE
Amontada;CE
Cruz;CE
Forquilha;CE
Icapuí;CE
Itarema;CE
Milhã;CE
Paraipaba;CE
Acari;RN
Açu;RN
Afonso Bezerra;RN
Água Nova;RN
Alexandria;RN
Almino Afonso;RN
Alto do Rodrigues;RN
Angicos;RN
Antônio Martins;RN
Apodi;RN
Areia Branca;RN
Arês;RN
Campo Grande;RN
Baía Formosa;RN
Barcelona;RN
Bento Fernandes;RN
Bom Jesus;RN
Brejinho;RN
Caiçara do Rio do Vento;RN
Caicó;RN
Campo Redondo;RN
Canguaretama;RN
Caraúbas;RN
Carnaúba dos Dantas;RN
Carnaubais;RN
Ceará-Mirim;RN
Cerro Corá;RN
Coronel Ezequiel;RN
Coronel João Pessoa;RN
Cruzeta;RN
Currais Novos;RN
Doutor Severiano;RN
Encanto;RN
Equador;RN
Espírito Santo;RN
Extremoz;RN
Felipe Guerra;RN
Florânia;RN
Francisco Dantas;RN
Galinhos;RN
Goianinha;RN
Governador Dix-Sept Rosado;RN
Grossos;RN
Guamaré;RN
Ielmo Marinho;RN
Ipanguaçu;RN
Ipueira;RN
Itaú;RN
Jaçanã;RN
Jandaíra;RN
Janduís;RN
Januário Cicco;RN
Japi;RN
Jardim de Angicos;RN
Jardim de Piranhas;RN
Jardim do Seridó;RN
João Câmara;RN
João Dias;RN
José da Penha;RN
Jucurutu;RN
Messias Targino;RN
Lagoa d'Anta;RN
Lagoa de Pedras;RN
Lagoa de Velhos;RN
Lagoa Nova;RN
Lagoa Salgada;RN
Lajes;RN
Lajes Pintadas;RN
Lucrécia;RN
Luís Gomes;RN
Macaíba;RN
Macau;RN
Marcelino Vieira;RN
Martins;RN
Maxaranguape;RN
Frutuoso Gomes;RN
Montanhas;RN
Monte Alegre;RN
Monte das Gameleiras;RN
Mossoró;RN
Natal;RN
Nísia Floresta;RN
Nova Cruz;RN
Olho d'Água do Borges;RN
Ouro Branco;RN
Paraná;RN
Paraú;RN
Parazinho;RN
Parelhas;RN
Parnamirim;RN
Passa e Fica;RN
Passagem;RN
Patu;RN
Pau dos Ferros;RN
Pedra Grande;RN
Pedra Preta;RN
Pedro Avelino;RN
Pedro Velho;RN
Pendências;RN
Pilões;RN
Poço Branco;RN
Portalegre;RN
Serra Caiada;RN
Pureza;RN
Rafael Fernandes;RN
Riacho da Cruz;RN
Riacho de Santana;RN
Riachuelo;RN
Rodolfo Fernandes;RN
Ruy Barbosa;RN
São Francisco do Oeste;RN
Santa Cruz;RN
Santana do Seridó;RN
Santana do Matos;RN
Santo Antônio;RN
São Bento do Norte;RN
São Bento do Trairí;RN
São Fernando;RN
São Gonçalo do Amarante;RN
São João do Sabugi;RN
São José de Mipibu;RN
São José do Campestre;RN
São José do Seridó;RN
São Miguel;RN
São Paulo do Potengi;RN
São Pedro;RN
São Rafael;RN
São Tomé;RN
São Vicente;RN
Senador Elói de Souza;RN
Senador Georgino Avelino;RN
Serra de São Bento;RN
Serra Negra do Norte;RN
Serrinha;RN
Severiano Melo;RN
Sítio Novo;RN
Taboleiro Grande;RN
Taipu;RN
Tangará;RN
Tenente Ananias;RN
Tibau do Sul;RN
Timbaúba dos Batistas;RN
Touros;RN
Umarizal;RN
Upanema;RN
Várzea;RN
Rafael Godeiro;RN
Vera Cruz;RN
Viçosa;RN
Vila Flor;RN
Água Branca;PB
Aguiar;PB
Alagoa Grande;PB
Alagoa Nova;PB
Alagoinha;PB
Alhandra;PB
São João do Rio do Peixe;PB
Araçagi;PB
Arara;PB
Araruna;PB
Areia;PB
Areial;PB
Aroeiras;PB
Serra do Mel;RN
Baía da Traição;PB
Bananeiras;PB
Barra de Santa Rosa;PB
Barra de São Miguel;PB
Bayeux;PB
Belém;PB
Belém do Brejo do Cruz;PB
Boa Ventura;PB
Bom Jesus;PB
Bom Sucesso;PB
Bonito de Santa Fé;PB
Boqueirão;PB
Igaracy;PB
Borborema;PB
Brejo do Cruz;PB
Brejo dos Santos;PB
Caaporã;PB
Cabaceiras;PB
Cabedelo;PB
Cachoeira dos Índios;PB
Cacimba de Areia;PB
Cacimba de Dentro;PB
Caiçara;PB
Cajazeiras;PB
Caldas Brandão;PB
Camalaú;PB
Campina Grande;PB
Carrapateira;PB
Catingueira;PB
Catolé do Rocha;PB
Conceição;PB
Condado;PB
Conde;PB
Congo;PB
Coremas;PB
Cruz do Espírito Santo;PB
Cubati;PB
Cuité;PB
Cuitegi;PB
Curral Velho;PB
Desterro;PB
Vista Serrana;PB
Diamante;PB
Dona Inês;PB
Duas Estradas;PB
Emas;PB
Esperança;PB
Fagundes;PB
Frei Martinho;PB
Guarabira;PB
Gurinhém;PB
Gurjão;PB
Ibiara;PB
Imaculada;PB
Ingá;PB
Itabaiana;PB
Itaporanga;PB
Itapororoca;PB
Itatuba;PB
Jacaraú;PB
Jericó;PB
João Pessoa;PB
Juarez Távora;PB
Juazeirinho;PB
Junco do Seridó;PB
Juripiranga;PB
Juru;PB
Lagoa;PB
Lagoa de Dentro;PB
Lagoa Seca;PB
Lastro;PB
Livramento;PB
Lucena;PB
Mãe d'Água;PB
Malta;PB
Mamanguape;PB
Manaíra;PB
Mari;PB
Massaranduba;PB
Mataraca;PB
Mogeiro;PB
Montadas;PB
Monte Horebe;PB
Monteiro;PB
Mulungu;PB
Natuba;PB
Nazarezinho;PB
Nova Floresta;PB
Nova Olinda;PB
Nova Palmeira;PB
Olho d'Água;PB
Olivedos;PB
Ouro Velho;PB
Passagem;PB
Patos;PB
Paulista;PB
Pedra Branca;PB
Pedra Lavrada;PB
Pedras de Fogo;PB
Piancó;PB
Picuí;PB
Pilar;PB
Pilões;PB
Pilõezinhos;PB
Pirpirituba;PB
Pitimbu;PB
Pocinhos;PB
Pombal;PB
Prata;PB
Princesa Isabel;PB
Puxinanã;PB
Queimadas;PB
Quixaba;PB
Remígio;PB
Riacho dos Cavalos;PB
Rio Tinto;PB
Salgadinho;PB
Salgado de São Félix;PB
Santa Cruz;PB
Santa Helena;PB
Santa Luzia;PB
Santana de Mangueira;PB
Santana dos Garrotes;PB
Santa Rita;PB
Santa Teresinha;PB
São Bento;PB
São João do Cariri;PB
São João do Tigre;PB
São José da Lagoa Tapada;PB
São José de Caiana;PB
São José de Espinharas;PB
São José de Piranhas;PB
São José do Bonfim;PB
São José do Sabugi;PB
São José dos Cordeiros;PB
São Mamede;PB
São Miguel de Taipu;PB
São Sebastião de Lagoa de Roça;PB
São Sebastião do Umbuzeiro;PB
Sapé;PB
São Vicente do Seridó;PB
Serra Branca;PB
Serra da Raiz;PB
Serra Grande;PB
Serra Redonda;PB
Serraria;PB
Solânea;PB
Soledade;PB
Sousa;PB
Sumé;PB
Tacima;PB
Taperoá;PB
Tavares;PB
Teixeira;PB
Triunfo;PB
Uiraúna;PB
Umbuzeiro;PB
Várzea;PB
Baixa Grande do Ribeiro;PI
Canavieira;PI
Colônia do Gurguéia;PI
Bonfim do Piauí;PI
Colônia do Piauí;PI
Coronel José Dias;PI
Fartura do Piauí;PI
Lagoa do Barro do Piauí;PI
Santa Rosa do Piauí;PI
São Braz do Piauí;PI
São Lourenço do Piauí;PI
Várzea Branca;PI
Alegrete do Piauí;PI
Caldeirão Grande do Piauí;PI
Jacobina do Piauí;PI
Marcolândia;PI
Patos do Piauí;PI
Queimada Nova;PI
Santana do Piauí;PI
Brasileira;PI
São José do Divino;PI
Bom Princípio do Piauí;PI
Lagoa do Carro;PE
Vertente do Lério;PE
Xexéu;PE
Jucati;PE
Santa Cruz;PE
Dormentes;PE
Afogados da Ingazeira;PE
Afrânio;PE
Agrestina;PE
Água Preta;PE
Águas Belas;PE
Alagoinha;PE
Aliança;PE
Altinho;PE
Amaraji;PE
Angelim;PE
Araripina;PE
Arcoverde;PE
Barra de Guabiraba;PE
Barreiros;PE
Belém de Maria;PE
Belém do São Francisco;PE
Belo Jardim;PE
Betânia;PE
Bezerros;PE
Bodocó;PE
Bom Conselho;PE
Bom Jardim;PE
Bonito;PE
Brejão;PE
Brejinho;PE
Brejo da Madre de Deus;PE
Buenos Aires;PE
Buíque;PE
Cabo de Santo Agostinho;PE
Cabrobó;PE
Cachoeirinha;PE
Caetés;PE
Calçado;PE
Calumbi;PE
Camocim de São Félix;PE
Camutanga;PE
Canhotinho;PE
Capoeiras;PE
Carnaíba;PE
Carpina;PE
Caruaru;PE
Catende;PE
Cedro;PE
Chã de Alegria;PE
Chã Grande;PE
Condado;PE
Correntes;PE
Cortês;PE
Cumaru;PE
Cupira;PE
Custódia;PE
Escada;PE
Exu;PE
Feira Nova;PE
Ferreiros;PE
Flores;PE
Floresta;PE
Frei Miguelinho;PE
Gameleira;PE
Garanhuns;PE
Glória do Goitá;PE
Goiana;PE
Granito;PE
Gravatá;PE
Iati;PE
Ibimirim;PE
Ibirajuba;PE
Igarassu;PE
Iguaracy;PE
Inajá;PE
Ingazeira;PE
Ipojuca;PE
Ipubi;PE
Itacuruba;PE
Itaíba;PE
Ilha de Itamaracá;PE
Itapetim;PE
Itaquitinga;PE
Jaboatão dos Guararapes;PE
Jataúba;PE
João Alfredo;PE
Joaquim Nabuco;PE
Jupi;PE
Jurema;PE
Lagoa de Itaenga;PE
Lagoa do Ouro;PE
Lagoa dos Gatos;PE
Lajedo;PE
Limoeiro;PE
Macaparana;PE
Machados;PE
Maraial;PE
Mirandiba;PE
Moreno;PE
Nazaré da Mata;PE
Olinda;PE
Orobó;PE
Orocó;PE
Ouricuri;PE
Palmares;PE
Palmeirina;PE
Panelas;PE
Paranatama;PE
Parnamirim;PE
Passira;PE
Paudalho;PE
Paulista;PE
Pedra;PE
Pesqueira;PE
Petrolândia;PE
Petrolina;PE
Poção;PE
Pombos;PE
Primavera;PE
Quipapá;PE
Recife;PE
Riacho das Almas;PE
Ribeirão;PE
Rio Formoso;PE
Sairé;PE
Salgadinho;PE
Salgueiro;PE
Saloá;PE
Sanharó;PE
Santa Cruz do Capibaribe;PE
Santa Maria da Boa Vista;PE
Santa Maria do Cambucá;PE
Santa Terezinha;PE
São Benedito do Sul;PE
São Bento do Una;PE
São Caitano;PE
São João;PE
São Joaquim do Monte;PE
São José da Coroa Grande;PE
São José do Belmonte;PE
São José do Egito;PE
São Lourenço da Mata;PE
São Vicente Férrer;PE
Serra Talhada;PE
Serrita;PE
Sertânia;PE
Sirinhaém;PE
Moreilândia;PE
Solidão;PE
Surubim;PE
Tabira;PE
Tacaimbó;PE
Tacaratu;PE
Itambé;PE
Taquaritinga do Norte;PE
Terezinha;PE
Terra Nova;PE
Timbaúba;PE
Toritama;PE
Tracunhaém;PE
Trindade;PE
Triunfo;PE
Tupanatinga;PE
Tuparetama;PE
Venturosa;PE
Verdejante;PE
Vertentes;PE
Vicência;PE
Vitória de Santo Antão;PE
Camaragibe;PE
Abreu e Lima;PE
Itapissuma;PE
Carnaubeira da Penha;PE
Quixaba;PE
Santa Cruz da Baixa Verde;PE
Paripueira;AL
Estrela de Alagoas;AL
Pariconha;AL
Santana do São Francisco;SE
São José da Lapa;MG
Capitão Andrade;MG
Catuji;MG
Jampruca;MG
Divisópolis;MG
Mata Verde;MG
Palmópolis;MG
Entre Folhas;MG
Ipaba;MG
Santa Bárbara do Leste;MG
Santa Rita de Minas;MG
Ubaporanga;MG
Santana do Paraíso;MG
Durandé;MG
São João do Manhuaçu;MG
São João do Manteninha;MG
Alfredo Vasconcelos;MG
Fervedouro;MG
Carneirinho;MG
Limeira do Oeste;MG
Senador Amaral;MG
Juatuba;MG
Icaraí de Minas;MG
Lontra;MG
Montezuma;MG
Urucuia;MG
Água Branca;AL
Anadia;AL
Arapiraca;AL
Atalaia;AL
Barra de Santo Antônio;AL
Barra de São Miguel;AL
Batalha;AL
Belém;AL
Belo Monte;AL
Boca da Mata;AL
Branquinha;AL
Cacimbinhas;AL
Cajueiro;AL
Campo Alegre;AL
Campo Grande;AL
Canapi;AL
Capela;AL
Carneiros;AL
Chã Preta;AL
Coité do Nóia;AL
Colônia Leopoldina;AL
Coqueiro Seco;AL
Coruripe;AL
Delmiro Gouveia;AL
Dois Riachos;AL
Feira Grande;AL
Feliz Deserto;AL
Flexeiras;AL
Girau do Ponciano;AL
Ibateguara;AL
Igaci;AL
Igreja Nova;AL
Inhapi;AL
Jacaré dos Homens;AL
Jacuípe;AL
Japaratinga;AL
Jaramataia;AL
Joaquim Gomes;AL
Jundiá;AL
Junqueiro;AL
Lagoa da Canoa;AL
Limoeiro de Anadia;AL
Maceió;AL
Major Isidoro;AL
Maragogi;AL
Maravilha;AL
Marechal Deodoro;AL
Maribondo;AL
Mar Vermelho;AL
Mata Grande;AL
Matriz de Camaragibe;AL
Messias;AL
Minador do Negrão;AL
Monteirópolis;AL
Murici;AL
Novo Lino;AL
Olho d'Água das Flores;AL
Olho d'Água do Casado;AL
Olho d'Água Grande;AL
Olivença;AL
Ouro Branco;AL
Palestina;AL
Palmeira dos Índios;AL
Pão de Açúcar;AL
Passo de Camaragibe;AL
Paulo Jacinto;AL
Penedo;AL
Piaçabuçu;AL
Pilar;AL
Pindoba;AL
Piranhas;AL
Poço das Trincheiras;AL
Porto Calvo;AL
Porto de Pedras;AL
Porto Real do Colégio;AL
Quebrangulo;AL
Rio Largo;AL
Roteiro;AL
Santa Luzia do Norte;AL
Santana do Ipanema;AL
Santana do Mundaú;AL
São Brás;AL
São José da Laje;AL
São José da Tapera;AL
São Luís do Quitunde;AL
São Miguel dos Campos;AL
São Miguel dos Milagres;AL
São Sebastião;AL
Satuba;AL
Tanque d'Arca;AL
Taquarana;AL
Traipu;AL
União dos Palmares;AL
Viçosa;AL
Craíbas;AL
Senador Rui Palmeira;AL
Jaíba;MG
Mamonas;MG
Matias Cardoso;MG
Pedras de Maria da Cruz;MG
Riachinho;MG
Araporã;MG
Lagoa Grande;MG
Guapimirim;RJ
Belford Roxo;RJ
Queimados;RJ
Japeri;RJ
Cardoso Moreira;RJ
Varre-Sai;RJ
Aperibé;RJ
Rio das Ostras;RJ
Quatis;RJ
Areal;RJ
Comendador Levy Gasparian;RJ
Marechal Floriano;ES
Irupi;ES
São Domingos do Norte;ES
Vila Pavão;ES
Lourdes;SP
Santo Antônio do Aracanguá;SP
São João de Iracema;SP
Ilha Solteira;SP
Suzanápolis;SP
Canitar;SP
Engenheiro Coelho;SP
Hortolândia;SP
Holambra;SP
Tuiuti;SP
Vargem;SP
Estiva Gerbi;SP
Emilianópolis;SP
Pedrinhas Paulista;SP
Bertioga;SP
Cajati;SP
Ilha Comprida;SP
Ubarana;SP
Zacarias;SP
Elisiário;SP
Marapoama;SP
Novais;SP
Aspásia;SP
Mesópolis;SP
Nova Canaã Paulista;SP
Pontalinda;SP
Parisi;SP
Arapeí;SP
Potim;SP
Alambari;SP
Barra do Chapéu;SP
Campina do Monte Alegre;SP
Fernando de Noronha;PE
Baraúna;RN
Muquém do São Francisco;BA
Nova Fátima;BA
Nova Ibiá;BA
Nova Redenção;BA
Novo Horizonte;BA
Novo Triunfo;BA
Ourolândia;BA
Piraí do Norte;BA
Ponto Novo;BA
Presidente Tancredo Neves;BA
Quixabeira;BA
Ribeirão do Largo;BA
São Domingos;BA
São Félix do Coribe;BA
São José do Jacuípe;BA
São José da Vitória;BA
Saubara;BA
Serra do Ramalho;BA
Sítio do Mato;BA
Sítio do Quinto;BA
Sobradinho;BA
Umburanas;BA
Varzedo;BA
Vereda;BA
Itaoca;SP
Itapirapuã Paulista;SP
Ribeirão Grande;SP
Bom Sucesso de Itararé;SP
Nova Campina;SP
Taquarivaí;SP
Alumínio;SP
Araçariguama;SP
Jussari;BA
América Dourada;BA
Arataca;BA
Barro Alto;BA
Buritirama;BA
Capela do Alto Alegre;BA
Capim Grosso;BA
Canudos;BA
Dias d'Ávila;BA
Fátima;BA
Filadélfia;BA
Gavião;BA
Guajeru;BA
Heliópolis;BA
João Dourado;BA
Amparo do São Francisco;SE
Aquidabã;SE
Aracaju;SE
Arauá;SE
Areia Branca;SE
Barra dos Coqueiros;SE
Brejo Grande;SE
Boquim;SE
Eunápolis;BA
Campo do Brito;SE
Canhoba;SE
Canindé de São Francisco;SE
Capela;SE
Carira;SE
Carmópolis;SE
Cedro de São João;SE
Cristinápolis;SE
Nossa Senhora Aparecida;SE
Cumbe;SE
Divina Pastora;SE
Estância;SE
Feira Nova;SE
Frei Paulo;SE
General Maynard;SE
Gararu;SE
Gracho Cardoso;SE
Ilha das Flores;SE
Indiaroba;SE
Itabaiana;SE
Itabaianinha;SE
Itabi;SE
Itaporanga d'Ajuda;SE
Japaratuba;SE
Japoatã;SE
Lagarto;SE
Laranjeiras;SE
Macambira;SE
Malhada dos Bois;SE
Malhador;SE
Maruim;SE
Moita Bonita;SE
Monte Alegre de Sergipe;SE
Muribeca;SE
Neópolis;SE
Nossa Senhora da Glória;SE
Nossa Senhora das Dores;SE
Nossa Senhora de Lourdes;SE
Nossa Senhora do Socorro;SE
Pacatuba;SE
Pedra Mole;SE
Pedrinhas;SE
Pinhão;SE
Pirambu;SE
Poço Redondo;SE
Poço Verde;SE
Porto da Folha;SE
Propriá;SE
Riachão do Dantas;SE
Riachuelo;SE
Ribeirópolis;SE
Rosário do Catete;SE
Salgado;SE
Santa Luzia do Itanhy;SE
Torre de Pedra;SP
Santa Rosa de Lima;SE
Santo Amaro das Brotas;SE
São Cristóvão;SE
São Domingos;SE
São Francisco;SE
São Miguel do Aleixo;SE
Simão Dias;SE
Siriri;SE
Telha;SE
Tobias Barreto;SE
Tomar do Geru;SE
Umbaúba;SE
Adustina;BA
Andorinha;BA
Apuarema;BA
Araçás;BA
Banzaê;BA
Bom Jesus da Serra;BA
Bonito;BA
Cabaceiras do Paraguaçu;BA
Caetanos;BA
Caraíbas;BA
Caturama;BA
Feira da Mata;BA
Igrapiúna;BA
Itabela;BA
Itaguaçu da Bahia;BA
Itatim;BA
Iuiu;BA
Jucuruçu;BA
Lagoa Real;BA
Lajedo do Tabocal;BA
Madre de Deus;BA
Matina;BA
Mirante;BA
Mulungu do Morro;BA
Abaíra;BA
Abaré;BA
Acajutiba;BA
Água Fria;BA
Érico Cardoso;BA
Aiquara;BA
Alagoinhas;BA
Alcobaça;BA
Almadina;BA
Amargosa;BA
Amélia Rodrigues;BA
Anagé;BA
Andaraí;BA
Angical;BA
Anguera;BA
Antas;BA
Antônio Cardoso;BA
Antônio Gonçalves;BA
Aporá;BA
Aracatu;BA
Araci;BA
Aramari;BA
Aratuípe;BA
Aurelino Leal;BA
Baianópolis;BA
Baixa Grande;BA
Barra;BA
Barra da Estiva;BA
Barra do Choça;BA
Barra do Mendes;BA
Barra do Rocha;BA
Barreiras;BA
Barro Preto;BA
Belmonte;BA
Belo Campo;BA
Biritinga;BA
Boa Nova;BA
Boa Vista do Tupim;BA
Bom Jesus da Lapa;BA
Boninal;BA
Boquira;BA
Botuporã;BA
Brejões;BA
Brejolândia;BA
Brotas de Macaúbas;BA
Brumado;BA
Buerarema;BA
Caatiba;BA
Cachoeira;BA
Caculé;BA
Caém;BA
Caetité;BA
Cafarnaum;BA
Cairu;BA
Caldeirão Grande;BA
Camacan;BA
Camaçari;BA
Camamu;BA
Campo Alegre de Lourdes;BA
Campo Formoso;BA
Canápolis;BA
Canarana;BA
Canavieiras;BA
Candeal;BA
Candeias;BA
Candiba;BA
Cândido Sales;BA
Cansanção;BA
Caravelas;BA
Cardeal da Silva;BA
Carinhanha;BA
Casa Nova;BA
Castro Alves;BA
Catolândia;BA
Catu;BA
Central;BA
Chorrochó;BA
Cícero Dantas;BA
Cipó;BA
Coaraci;BA
Cocos;BA
Conceição da Feira;BA
Conceição do Almeida;BA
Conceição do Coité;BA
Conceição do Jacuípe;BA
Conde;BA
Condeúba;BA
Contendas do Sincorá;BA
Coração de Maria;BA
Cordeiros;BA
Coribe;BA
Coronel João Sá;BA
Correntina;BA
Cotegipe;BA
Cravolândia;BA
Crisópolis;BA
Cristópolis;BA
Cruz das Almas;BA
Curaçá;BA
Dário Meira;BA
Dom Basílio;BA
Dom Macedo Costa;BA
Elísio Medrado;BA
Encruzilhada;BA
Entre Rios;BA
Esplanada;BA
Euclides da Cunha;BA
Feira de Santana;BA
Firmino Alves;BA
Floresta Azul;BA
Formosa do Rio Preto;BA
Gandu;BA
Gentio do Ouro;BA
Glória;BA
Gongogi;BA
Governador Mangabeira;BA
Guanambi;BA
Guaratinga;BA
Iaçu;BA
Ibiassucê;BA
Ibicaraí;BA
Ibicoara;BA
Ibicuí;BA
Ibipeba;BA
Santa Rita de Cássia;BA
Ibipitanga;BA
Ibiquera;BA
Ibirapitanga;BA
Ibirapuã;BA
Ibirataia;BA
Ibitiara;BA
Ibititá;BA
Ibotirama;BA
Ichu;BA
Igaporã;BA
Iguaí;BA
Ilhéus;BA
Inhambupe;BA
Ipecaetá;BA
Ipiaú;BA
Ipirá;BA
Ipupiara;BA
Irajuba;BA
Iramaia;BA
Iraquara;BA
Irará;BA
Irecê;BA
Itaberaba;BA
Itabuna;BA
Itacaré;BA
Itaeté;BA
Itagi;BA
Itagibá;BA
Itagimirim;BA
Itaju do Colônia;BA
Itajuípe;BA
Itamaraju;BA
Itamari;BA
Itambé;BA
Itanagra;BA
Itanhém;BA
Itaparica;BA
Itapé;BA
Itapebi;BA
Itapetinga;BA
Itapicuru;BA
Itapitanga;BA
Itaquara;BA
Itarantim;BA
Itiruçu;BA
Itiúba;BA
Itororó;BA
Ituaçu;BA
Ituberá;BA
Jacaraci;BA
Jacobina;BA
Jaguaquara;BA
Jaguarari;BA
Jaguaripe;BA
Jandaíra;BA
Jequié;BA
Jeremoabo;BA
Jiquiriçá;BA
Jitaúna;BA
Juazeiro;BA
Jussara;BA
Jussiape;BA
Lafaiete Coutinho;BA
Laje;BA
Lajedão;BA
Lajedinho;BA
Lamarão;BA
Lauro de Freitas;BA
Lençóis;BA
Licínio de Almeida;BA
Livramento de Nossa Senhora;BA
Macajuba;BA
Macarani;BA
Macaúbas;BA
Macururé;BA
Maiquinique;BA
Mairi;BA
Malhada;BA
Malhada de Pedras;BA
Manoel Vitorino;BA
Maracás;BA
Maragogipe;BA
Maraú;BA
Marcionílio Souza;BA
Mascote;BA
Mata de São João;BA
Medeiros Neto;BA
Miguel Calmon;BA
Milagres;BA
Mirangaba;BA
Monte Santo;BA
Morpará;BA
Morro do Chapéu;BA
Mortugaba;BA
Mucugê;BA
Mucuri;BA
Mundo Novo;BA
Muniz Ferreira;BA
Muritiba;BA
Mutuípe;BA
Nazaré;BA
Nilo Peçanha;BA
Nova Canaã;BA
Nova Itarana;BA
Nova Soure;BA
Nova Viçosa;BA
Olindina;BA
Oliveira dos Brejinhos;BA
Ouriçangas;BA
Palmas de Monte Alto;BA
Palmeiras;BA
Paramirim;BA
Paratinga;BA
Paripiranga;BA
Pau Brasil;BA
Paulo Afonso;BA
Pedrão;BA
Pedro Alexandre;BA
Piatã;BA
Pilão Arcado;BA
Pindaí;BA
Pindobaçu;BA
Piripá;BA
Piritiba;BA
Planaltino;BA
Planalto;BA
Poções;BA
Pojuca;BA
Porto Seguro;BA
Potiraguá;BA
Prado;BA
Presidente Dutra;BA
Presidente Jânio Quadros;BA
Queimadas;BA
Quijingue;BA
Remanso;BA
Retirolândia;BA
Riachão das Neves;BA
Riachão do Jacuípe;BA
Riacho de Santana;BA
Ribeira do Amparo;BA
Ribeira do Pombal;BA
Rio de Contas;BA
Rio do Antônio;BA
Rio do Pires;BA
Rio Real;BA
Rodelas;BA
Ruy Barbosa;BA
Salinas da Margarida;BA
Salvador;BA
Santa Bárbara;BA
Santa Brígida;BA
Santa Cruz Cabrália;BA
Santa Cruz da Vitória;BA
Santa Inês;BA
Santaluz;BA
Santa Maria da Vitória;BA
Santana;BA
Santanópolis;BA
Santa Terezinha;BA
Santo Amaro;BA
Santo Antônio de Jesus;BA
Santo Estêvão;BA
São Desidério;BA
São Félix;BA
São Felipe;BA
São Francisco do Conde;BA
São Gonçalo dos Campos;BA
São Miguel das Matas;BA
São Sebastião do Passé;BA
Sapeaçu;BA
Sátiro Dias;BA
Saúde;BA
Seabra;BA
Sebastião Laranjeiras;BA
Senhor do Bonfim;BA
Sento Sé;BA
Serra Dourada;BA
Serra Preta;BA
Serrinha;BA
Serrolândia;BA
Simões Filho;BA
Souto Soares;BA
Tabocas do Brejo Velho;BA
Tanhaçu;BA
Tanquinho;BA
Taperoá;BA
Tapiramutá;BA
Teodoro Sampaio;BA
Teofilândia;BA
Teolândia;BA
Terra Nova;BA
Tremedal;BA
Tucano;BA
Uauá;BA
Ubaíra;BA
Ubaitaba;BA
Ubatã;BA
Uibaí;BA
Una;BA
Urandi;BA
Uruçuca;BA
Utinga;BA
Valença;BA
Valente;BA
Várzea do Poço;BA
Vera Cruz;BA
Vitória da Conquista;BA
Wagner;BA
Wenceslau Guimarães;BA
Xique-Xique;BA
Lapão;BA
Maetinga;BA
Mansidão;BA
Nordestina;BA
Pé de Serra;BA
Pintadas;BA
Rafael Jambeiro;BA
Santa Luzia;BA
São Gabriel;BA
Tanque Novo;BA
Teixeira de Freitas;BA
Várzea Nova;BA
Várzea da Roça;BA
Wanderley;BA
Abadia dos Dourados;MG
Abaeté;MG
Abre Campo;MG
Acaiaca;MG
Açucena;MG
Água Boa;MG
Água Comprida;MG
Aguanil;MG
Águas Formosas;MG
Águas Vermelhas;MG
Aimorés;MG
Aiuruoca;MG
Alagoa;MG
Albertina;MG
Além Paraíba;MG
Alfenas;MG
Almenara;MG
Alpercata;MG
Alpinópolis;MG
Alterosa;MG
Alto Rio Doce;MG
Alvarenga;MG
Alvinópolis;MG
Alvorada de Minas;MG
Amparo do Serra;MG
Andradas;MG
Cachoeira de Pajeú;MG
Andrelândia;MG
Antônio Carlos;MG
Antônio Dias;MG
Antônio Prado de Minas;MG
Araçaí;MG
Aracitaba;MG
Araçuaí;MG
Araguari;MG
Arantina;MG
Araponga;MG
Arapuá;MG
Araújos;MG
Araxá;MG
Arceburgo;MG
Arcos;MG
Areado;MG
Argirita;MG
Arinos;MG
Astolfo Dutra;MG
Ataléia;MG
Augusto de Lima;MG
Baependi;MG
Baldim;MG
Bambuí;MG
Bandeira;MG
Bandeira do Sul;MG
Barão de Cocais;MG
Barão de Monte Alto;MG
Barbacena;MG
Barra Longa;MG
Três Marias;MG
Barroso;MG
Bela Vista de Minas;MG
Belmiro Braga;MG
Belo Horizonte;MG
Belo Oriente;MG
Belo Vale;MG
Berilo;MG
Bertópolis;MG
Betim;MG
Bias Fortes;MG
Bicas;MG
Biquinhas;MG
Boa Esperança;MG
Bocaina de Minas;MG
Bocaiúva;MG
Bom Despacho;MG
Bom Jardim de Minas;MG
Bom Jesus da Penha;MG
Bom Jesus do Amparo;MG
Bom Jesus do Galho;MG
Bom Repouso;MG
Bom Sucesso;MG
Bonfim;MG
Bonfinópolis de Minas;MG
Borda da Mata;MG
Botelhos;MG
Botumirim;MG
Brasília de Minas;MG
Brás Pires;MG
Braúnas;MG
Brazópolis;MG
Brumadinho;MG
Bueno Brandão;MG
Buenópolis;MG
Buritis;MG
Buritizeiro;MG
Cabo Verde;MG
Cachoeira da Prata;MG
Cachoeira de Minas;MG
Cachoeira Dourada;MG
Caetanópolis;MG
Caeté;MG
Caiana;MG
Cajuri;MG
Caldas;MG
Camacho;MG
Camanducaia;MG
Cambuí;MG
Cambuquira;MG
Campanário;MG
Campanha;MG
Campestre;MG
Campina Verde;MG
Campo Belo;MG
Campo do Meio;MG
Campo Florido;MG
Campos Altos;MG
Campos Gerais;MG
Canaã;MG
Canápolis;MG
Cana Verde;MG
Candeias;MG
Caparaó;MG
Capela Nova;MG
Capelinha;MG
Capetinga;MG
Capim Branco;MG
Capinópolis;MG
Capitão Enéas;MG
Capitólio;MG
Caputira;MG
Caraí;MG
Caranaíba;MG
Carandaí;MG
Carangola;MG
Caratinga;MG
Carbonita;MG
Careaçu;MG
Carlos Chagas;MG
Carmésia;MG
Carmo da Cachoeira;MG
Carmo da Mata;MG
Carmo de Minas;MG
Carmo do Cajuru;MG
Carmo do Paranaíba;MG
Carmo do Rio Claro;MG
Carmópolis de Minas;MG
Carrancas;MG
Carvalhópolis;MG
Carvalhos;MG
Casa Grande;MG
Cascalho Rico;MG
Cássia;MG
Conceição da Barra de Minas;MG
Cataguases;MG
Catas Altas da Noruega;MG
Caxambu;MG
Cedro do Abaeté;MG
Central de Minas;MG
Centralina;MG
Chácara;MG
Chalé;MG
Chapada do Norte;MG
Chiador;MG
Cipotânea;MG
Claraval;MG
Claro dos Poções;MG
Cláudio;MG
Coimbra;MG
Coluna;MG
Comendador Gomes;MG
Comercinho;MG
Conceição da Aparecida;MG
Conceição das Pedras;MG
Conceição das Alagoas;MG
Conceição de Ipanema;MG
Conceição do Mato Dentro;MG
Conceição do Pará;MG
Conceição do Rio Verde;MG
Conceição dos Ouros;MG
Congonhal;MG
Congonhas;MG
Congonhas do Norte;MG
Conquista;MG
Conselheiro Lafaiete;MG
Conselheiro Pena;MG
Consolação;MG
Contagem;MG
Coqueiral;MG
Coração de Jesus;MG
Cordisburgo;MG
Cordislândia;MG
Corinto;MG
Coroaci;MG
Coromandel;MG
Coronel Fabriciano;MG
Coronel Murta;MG
Coronel Pacheco;MG
Coronel Xavier Chaves;MG
Córrego Danta;MG
Córrego do Bom Jesus;MG
Córrego Novo;MG
Couto de Magalhães de Minas;MG
Cristais;MG
Cristália;MG
Cristiano Otoni;MG
Cristina;MG
Crucilândia;MG
Cruzeiro da Fortaleza;MG
Cruzília;MG
Curvelo;MG
Datas;MG
Delfim Moreira;MG
Delfinópolis;MG
Descoberto;MG
Desterro de Entre Rios;MG
Desterro do Melo;MG
Diamantina;MG
Diogo de Vasconcelos;MG
Dionísio;MG
Divinésia;MG
Divino;MG
Divino das Laranjeiras;MG
Divinolândia de Minas;MG
Divinópolis;MG
Divisa Nova;MG
Dom Cavati;MG
Dom Joaquim;MG
Dom Silvério;MG
Dom Viçoso;MG
Dona Euzébia;MG
Dores de Campos;MG
Dores de Guanhães;MG
Dores do Indaiá;MG
Dores do Turvo;MG
Doresópolis;MG
Douradoquara;MG
Elói Mendes;MG
Engenheiro Caldas;MG
Engenheiro Navarro;MG
Entre Rios de Minas;MG
Ervália;MG
Esmeraldas;MG
Espera Feliz;MG
Espinosa;MG
Espírito Santo do Dourado;MG
Estiva;MG
Estrela Dalva;MG
Estrela do Indaiá;MG
Estrela do Sul;MG
Eugenópolis;MG
Ewbank da Câmara;MG
Extrema;MG
Fama;MG
Faria Lemos;MG
Felício dos Santos;MG
São Gonçalo do Rio Preto;MG
Felisburgo;MG
Felixlândia;MG
Fernandes Tourinho;MG
Ferros;MG
Florestal;MG
Formiga;MG
Formoso;MG
Fortaleza de Minas;MG
Fortuna de Minas;MG
Francisco Badaró;MG
Francisco Dumont;MG
Francisco Sá;MG
Frei Gaspar;MG
Frei Inocêncio;MG
Fronteira;MG
Frutal;MG
Funilândia;MG
Galiléia;MG
Gonçalves;MG
Gonzaga;MG
Gouveia;MG
Governador Valadares;MG
Grão Mogol;MG
Grupiara;MG
Guanhães;MG
Guapé;MG
Guaraciaba;MG
Guaranésia;MG
Guarani;MG
Guarará;MG
Guarda-Mor;MG
Guaxupé;MG
Guidoval;MG
Guimarânia;MG
Guiricema;MG
Gurinhatã;MG
Heliodora;MG
Iapu;MG
Ibertioga;MG
Ibiá;MG
Ibiaí;MG
Ibiraci;MG
Ibirité;MG
Ibitiúra de Minas;MG
Ibituruna;MG
Igarapé;MG
Igaratinga;MG
Iguatama;MG
Ijaci;MG
Ilicínea;MG
Inconfidentes;MG
Indianópolis;MG
Ingaí;MG
Inhapim;MG
Inhaúma;MG
Inimutaba;MG
Ipanema;MG
Ipatinga;MG
Ipiaçu;MG
Ipuiúna;MG
Iraí de Minas;MG
Itabira;MG
Itabirinha;MG
Itabirito;MG
Itacambira;MG
Itacarambi;MG
Itaguara;MG
Itaipé;MG
Itajubá;MG
Itamarandiba;MG
Itamarati de Minas;MG
Itambacuri;MG
Itambé do Mato Dentro;MG
Itamogi;MG
Itamonte;MG
Itanhandu;MG
Itanhomi;MG
Itaobim;MG
Itapagipe;MG
Itapecerica;MG
Itapeva;MG
Itatiaiuçu;MG
Itaúna;MG
Itaverava;MG
Itinga;MG
Itueta;MG
Ituiutaba;MG
Itumirim;MG
Iturama;MG
Itutinga;MG
Jaboticatubas;MG
Jacinto;MG
Jacuí;MG
Jacutinga;MG
Jaguaraçu;MG
Janaúba;MG
Januária;MG
Japaraíba;MG
Jeceaba;MG
Jequeri;MG
Jequitaí;MG
Jequitibá;MG
Jequitinhonha;MG
Jesuânia;MG
Joaíma;MG
Joanésia;MG
João Monlevade;MG
João Pinheiro;MG
Joaquim Felício;MG
Jordânia;MG
Nova União;MG
Juiz de Fora;MG
Juramento;MG
Juruaia;MG
Ladainha;MG
Lagamar;MG
Lagoa da Prata;MG
Lagoa dos Patos;MG
Lagoa Dourada;MG
Lagoa Formosa;MG
Lagoa Santa;MG
Lajinha;MG
Lambari;MG
Lamim;MG
Laranjal;MG
Lassance;MG
Lavras;MG
Leandro Ferreira;MG
Leopoldina;MG
Liberdade;MG
Lima Duarte;MG
Luminárias;MG
Luz;MG
Machacalis;MG
Machado;MG
Madre de Deus de Minas;MG
Malacacheta;MG
Manga;MG
Manhuaçu;MG
Manhumirim;MG
Mantena;MG
Maravilhas;MG
Mar de Espanha;MG
Maria da Fé;MG
Mariana;MG
Marilac;MG
Maripá de Minas;MG
Marliéria;MG
Marmelópolis;MG
Martinho Campos;MG
Materlândia;MG
Mateus Leme;MG
Matias Barbosa;MG
Matipó;MG
Mato Verde;MG
Matozinhos;MG
Matutina;MG
Medeiros;MG
Medina;MG
Mendes Pimentel;MG
Mercês;MG
Mesquita;MG
Minas Novas;MG
Minduri;MG
Mirabela;MG
Miradouro;MG
Miraí;MG
Moeda;MG
Moema;MG
Monjolos;MG
Monsenhor Paulo;MG
Montalvânia;MG
Monte Alegre de Minas;MG
Monte Azul;MG
Monte Belo;MG
Monte Carmelo;MG
Monte Santo de Minas;MG
Montes Claros;MG
Monte Sião;MG
Morada Nova de Minas;MG
Morro da Garça;MG
Morro do Pilar;MG
Munhoz;MG
Muriaé;MG
Mutum;MG
Muzambinho;MG
Nacip Raydan;MG
Nanuque;MG
Natércia;MG
Nazareno;MG
Nepomuceno;MG
Nova Era;MG
Nova Lima;MG
Nova Módica;MG
Nova Ponte;MG
Nova Resende;MG
Nova Serrana;MG
Novo Cruzeiro;MG
Olaria;MG
Olímpio Noronha;MG
Oliveira;MG
Oliveira Fortes;MG
Onça de Pitangui;MG
Ouro Branco;MG
Ouro Fino;MG
Ouro Preto;MG
Ouro Verde de Minas;MG
Padre Paraíso;MG
Paineiras;MG
Pains;MG
Paiva;MG
Palma;MG
Fronteira dos Vales;MG
Papagaios;MG
Paracatu;MG
Pará de Minas;MG
Paraguaçu;MG
Paraisópolis;MG
Paraopeba;MG
Passabém;MG
Passa Quatro;MG
Passa Tempo;MG
Passa Vinte;MG
Passos;MG
Patos de Minas;MG
Patrocínio;MG
Patrocínio do Muriaé;MG
Paula Cândido;MG
Paulistas;MG
Pavão;MG
Peçanha;MG
Pedra Azul;MG
Pedra do Anta;MG
Pedra do Indaiá;MG
Pedra Dourada;MG
Pedralva;MG
Pedrinópolis;MG
Pedro Leopoldo;MG
Pedro Teixeira;MG
Pequeri;MG
Pequi;MG
Perdigão;MG
Perdizes;MG
Perdões;MG
Pescador;MG
Piau;MG
Piedade de Ponte Nova;MG
Piedade do Rio Grande;MG
Piedade dos Gerais;MG
Pimenta;MG
Piracema;MG
Pirajuba;MG
Piranga;MG
Piranguçu;MG
Piranguinho;MG
Pirapetinga;MG
Pirapora;MG
Piraúba;MG
Pitangui;MG
Piumhi;MG
Planura;MG
Poço Fundo;MG
Poços de Caldas;MG
Pocrane;MG
Pompéu;MG
Ponte Nova;MG
Porteirinha;MG
Porto Firme;MG
Poté;MG
Pouso Alegre;MG
Pouso Alto;MG
Prados;MG
Prata;MG
Pratápolis;MG
Pratinha;MG
Presidente Bernardes;MG
Presidente Juscelino;MG
Presidente Kubitschek;MG
Presidente Olegário;MG
Alto Jequitibá;MG
Prudente de Morais;MG
Quartel Geral;MG
Queluzito;MG
Raposos;MG
Raul Soares;MG
Recreio;MG
Resende Costa;MG
Resplendor;MG
Ressaquinha;MG
Riacho dos Machados;MG
Ribeirão das Neves;MG
Ribeirão Vermelho;MG
Rio Acima;MG
Rio Casca;MG
Rio Doce;MG
Rio do Prado;MG
Rio Espera;MG
Rio Manso;MG
Rio Novo;MG
Rio Paranaíba;MG
Rio Pardo de Minas;MG
Rio Piracicaba;MG
Rio Pomba;MG
Rio Preto;MG
Rio Vermelho;MG
Ritápolis;MG
Rochedo de Minas;MG
Rodeiro;MG
Romaria;MG
Rubelita;MG
Rubim;MG
Sabará;MG
Sabinópolis;MG
Sacramento;MG
Salinas;MG
Salto da Divisa;MG
Santa Bárbara;MG
Santa Bárbara do Tugúrio;MG
Santa Cruz do Escalvado;MG
Santa Efigênia de Minas;MG
Santa Fé de Minas;MG
Santa Juliana;MG
Santa Luzia;MG
Santa Margarida;MG
Santa Maria de Itabira;MG
Santa Maria do Salto;MG
Santa Maria do Suaçuí;MG
Santana da Vargem;MG
Santana de Cataguases;MG
Santana de Pirapama;MG
Santana do Deserto;MG
Santana do Garambéu;MG
Santana do Jacaré;MG
Santana do Manhuaçu;MG
Santana do Riacho;MG
Santana dos Montes;MG
Santa Rita de Caldas;MG
Santa Rita de Jacutinga;MG
Santa Rita de Ibitipoca;MG
Santa Rita do Itueto;MG
Santa Rita do Sapucaí;MG
Santa Rosa da Serra;MG
Santa Vitória;MG
Santo Antônio do Amparo;MG
Santo Antônio do Aventureiro;MG
Santo Antônio do Grama;MG
Santo Antônio do Itambé;MG
Santo Antônio do Jacinto;MG
Santo Antônio do Monte;MG
Santo Antônio do Rio Abaixo;MG
Santo Hipólito;MG
Santos Dumont;MG
São Bento Abade;MG
São Brás do Suaçuí;MG
São Domingos do Prata;MG
São Francisco;MG
São Francisco de Paula;MG
São Francisco de Sales;MG
São Francisco do Glória;MG
São Geraldo;MG
São Geraldo da Piedade;MG
São Gonçalo do Abaeté;MG
São Gonçalo do Pará;MG
São Gonçalo do Rio Abaixo;MG
São Gonçalo do Sapucaí;MG
São Gotardo;MG
São João Batista do Glória;MG
São João da Mata;MG
São João da Ponte;MG
São João del Rei;MG
São João do Oriente;MG
São João do Paraíso;MG
São João Evangelista;MG
São João Nepomuceno;MG
São José da Safira;MG
São José da Varginha;MG
São José do Alegre;MG
São José do Divino;MG
São José do Goiabal;MG
São José do Jacuri;MG
São José do Mantimento;MG
São Lourenço;MG
São Miguel do Anta;MG
São Pedro da União;MG
São Pedro dos Ferros;MG
São Pedro do Suaçuí;MG
São Romão;MG
São Roque de Minas;MG
São Sebastião da Bela Vista;MG
São Sebastião do Maranhão;MG
São Sebastião do Oeste;MG
São Sebastião do Paraíso;MG
São Sebastião do Rio Preto;MG
São Sebastião do Rio Verde;MG
São Tiago;MG
São Tomás de Aquino;MG
São Tomé das Letras;MG
São Vicente de Minas;MG
Sapucaí-Mirim;MG
Sardoá;MG
Senador Cortes;MG
Senador Firmino;MG
Senador José Bento;MG
Senador Modestino Gonçalves;MG
Senhora de Oliveira;MG
Senhora do Porto;MG
Senhora dos Remédios;MG
Sericita;MG
Seritinga;MG
Serra Azul de Minas;MG
Serra da Saudade;MG
Serra dos Aimorés;MG
Serra do Salitre;MG
Serrania;MG
Serranos;MG
Serro;MG
Sete Lagoas;MG
Silveirânia;MG
Silvianópolis;MG
Simão Pereira;MG
Simonésia;MG
Sobrália;MG
Soledade de Minas;MG
Tabuleiro;MG
Taiobeiras;MG
Tapira;MG
Tapiraí;MG
Taquaraçu de Minas;MG
Tarumirim;MG
Teixeiras;MG
Teófilo Otoni;MG
Timóteo;MG
Tiradentes;MG
Tiros;MG
Tocantins;MG
Toledo;MG
Tombos;MG
Três Corações;MG
Três Pontas;MG
Tumiritinga;MG
Tupaciguara;MG
Turmalina;MG
Turvolândia;MG
Ubá;MG
Ubaí;MG
Uberaba;MG
Uberlândia;MG
Umburatiba;MG
Unaí;MG
Urucânia;MG
Vargem Bonita;MG
Varginha;MG
Várzea da Palma;MG
Varzelândia;MG
Vazante;MG
Wenceslau Braz;MG
Veríssimo;MG
Vespasiano;MG
Viçosa;MG
Vieiras;MG
Mathias Lobato;MG
Virgem da Lapa;MG
Virgínia;MG
Virginópolis;MG
Virgolândia;MG
Visconde do Rio Branco;MG
Volta Grande;MG
Saltinho;SP
São Lourenço da Serra;SP
Doutor Ulysses;PR
Itaperuçu;PR
Pinhais;PR
Tunas do Paraná;PR
Nova Santa Bárbara;PR
Mauá da Serra;PR
Pitangueiras;PR
Anahy;PR
Diamante do Sul;PR
Iguatu;PR
Santa Lúcia;PR
Boa Esperança do Iguaçu;PR
Cruzeiro do Iguaçu;PR
Flor da Serra do Sul;PR
Nova Esperança do Sudoeste;PR
Nova Laranjeiras;PR
Rio Bonito do Iguaçu;PR
Virmond;PR
Iracema do Oeste;PR
Maripá;PR
São Pedro do Iguaçu;PR
Cafezal do Sul;PR
Saudade do Iguaçu;PR
Pinhal de São Bento;PR
Ventania;PR
Candói;PR
Laranjal;PR
Mato Rico;PR
Santa Maria do Oeste;PR
Lidianópolis;PR
Ângulo;PR
Farol;PR
Rancho Alegre D'Oeste;PR
São Manoel do Paraná;PR
Novo Itacolomi;PR
Santa Mônica;PR
Brasilândia do Sul;PR
Alto Paraíso;PR
Itaipulândia;PR
Ramilândia;PR
Entre Rios do Oeste;PR
Mercedes;PR
Pato Bragado;PR
Quatro Pontes;PR
Bombinhas;SC
Morro Grande;SC
Passo de Torres;SC
Cocal do Sul;SC
Capivari de Baixo;SC
Sangão;SC
Balneário Barra do Sul;SC
São João do Itaperiú;SC
Calmon;SC
Santa Terezinha;SC
Braço do Trombudo;SC
Mirim Doce;SC
Monte Carlo;SC
Vargem;SC
Vargem Bonita;SC
Cerro Negro;SC
Ponte Alta do Norte;SC
Rio Rufino;SC
São Cristóvão do Sul;SC
Macieira;SC
Águas Frias;SC
Cordilheira Alta;SC
Formosa do Sul;SC
Guatambú;SC
Irati;SC
Jardinópolis;SC
Nova Itaberaba;SC
Novo Horizonte;SC
Planalto Alegre;SC
Sul Brasil;SC
Arabutã;SC
Arvoredo;SC
Afonso Cláudio;ES
Alegre;ES
Alfredo Chaves;ES
Anchieta;ES
Apiacá;ES
Aracruz;ES
Atílio Vivácqua;ES
Baixo Guandu;ES
Barra de São Francisco;ES
Boa Esperança;ES
Bom Jesus do Norte;ES
Cachoeiro de Itapemirim;ES
Cariacica;ES
Castelo;ES
Colatina;ES
Conceição da Barra;ES
Conceição do Castelo;ES
Divino de São Lourenço;ES
Domingos Martins;ES
Dores do Rio Preto;ES
Ecoporanga;ES
Fundão;ES
Guaçuí;ES
Guarapari;ES
Ibiraçu;ES
Iconha;ES
Itaguaçu;ES
Itapemirim;ES
Itarana;ES
Iúna;ES
Jerônimo Monteiro;ES
Linhares;ES
Mantenópolis;ES
Mimoso do Sul;ES
Montanha;ES
Mucurici;ES
Muniz Freire;ES
Muqui;ES
Nova Venécia;ES
Pancas;ES
Pinheiros;ES
Piúma;ES
Presidente Kennedy;ES
Rio Novo do Sul;ES
Santa Leopoldina;ES
Santa Teresa;ES
São Gabriel da Palha;ES
São José do Calçado;ES
São Mateus;ES
Serra;ES
Viana;ES
Vila Velha;ES
Vitória;ES
Marilândia;ES
Ibatiba;ES
Rio Bananal;ES
Jaguaré;ES
Pedro Canário;ES
Água Doce do Norte;ES
Alto Rio Novo;ES
João Neiva;ES
Laranja da Terra;ES
Santa Maria de Jetibá;ES
Vargem Alta;ES
Venda Nova do Imigrante;ES
Itaú de Minas;MG
Águia Branca;ES
Coronel Martins;SC
Ipuaçu;SC
Lajeado Grande;SC
Ouro Verde;SC
Passos Maia;SC
Belmonte;SC
Paraíso;SC
Riqueza;SC
Santa Helena;SC
São João do Oeste;SC
São Miguel da Boa Vista;SC
Nova Santa Rita;RS
Mariana Pimentel;RS
Sertão Santana;RS
Gramado Xavier;RS
Passo do Sobrado;RS
Sinimbu;RS
Vale do Sol;RS
Barão do Triunfo;RS
Minas do Leão;RS
Morrinhos do Sul;RS
Três Forquilhas;RS
Arambaré;RS
Sentinela do Sul;RS
Maquiné;RS
Xangri-lá;RS
Pinhal Grande;RS
Quevedos;RS
São João do Polêsine;RS
São Martinho da Serra;RS
Vila Nova do Sul;RS
Coxilha;RS
Gentil;RS
Angra dos Reis;RJ
Araruama;RJ
Barra do Piraí;RJ
Barra Mansa;RJ
Bom Jardim;RJ
Bom Jesus do Itabapoana;RJ
Cabo Frio;RJ
Cachoeiras de Macacu;RJ
Cambuci;RJ
Campos dos Goytacazes;RJ
Cantagalo;RJ
Carmo;RJ
Casimiro de Abreu;RJ
Conceição de Macabu;RJ
Cordeiro;RJ
Duas Barras;RJ
Duque de Caxias;RJ
Engenheiro Paulo de Frontin;RJ
Itaboraí;RJ
Itaguaí;RJ
Itaocara;RJ
Itaperuna;RJ
Laje do Muriaé;RJ
Macaé;RJ
Magé;RJ
Mangaratiba;RJ
Maricá;RJ
Mendes;RJ
Miguel Pereira;RJ
Miracema;RJ
Natividade;RJ
Nilópolis;RJ
Niterói;RJ
Nova Friburgo;RJ
Nova Iguaçu;RJ
Paracambi;RJ
Paraíba do Sul;RJ
Paraty;RJ
Petrópolis;RJ
Piraí;RJ
Porciúncula;RJ
Resende;RJ
Rio Bonito;RJ
Rio Claro;RJ
Rio das Flores;RJ
Santa Maria Madalena;RJ
Santo Antônio de Pádua;RJ
São Fidélis;RJ
São Gonçalo;RJ
São João da Barra;RJ
São João de Meriti;RJ
São Pedro da Aldeia;RJ
São Sebastião do Alto;RJ
Sapucaia;RJ
Saquarema;RJ
Silva Jardim;RJ
Sumidouro;RJ
Teresópolis;RJ
Trajano de Moraes;RJ
Três Rios;RJ
Valença;RJ
Vassouras;RJ
Volta Redonda;RJ
Arraial do Cabo;RJ
Italva;RJ
Mato Castelhano;RS
Mormaço;RS
Muliterno;RS
Nicolau Vergueiro;RS
Pontão;RS
Santo Antônio do Palma;RS
Barra Funda;RS
Coqueiros do Sul;RS
Engenho Velho;RS
Gramado dos Loureiros;RS
Lagoa dos Três Cantos;RS
Nova Boa Vista;RS
Rio dos Índios;RS
Santo Antônio do Planalto;RS
Barra do Rio Azul;RS
Carlos Gomes;RS
Centenário;RS
Charrua;RS
Ponte Preta;RS
Ametista do Sul;RS
Dois Irmãos das Missões;RS
Novo Tiradentes;RS
Pinheirinho do Vale;RS
Santo Expedito do Sul;RS
Tupanci do Sul;RS
Boa Vista das Missões;RS
Lajeado do Bugre;RS
Novo Barreiro;RS
Sagrada Família;RS
São José das Missões;RS
Nova Pádua;RS
Monte Belo do Sul;RS
Santa Tereza;RS
São Valentim do Sul;RS
União da Serra;RS
Rio de Janeiro;RJ
Itatiaia;RJ
Paty do Alferes;RJ
Quissamã;RJ
São José do Vale do Rio Preto;RJ
Ibitirama;ES
Campestre da Serra;RS
São José dos Ausentes;RS
Lindolfo Collor;RS
Morro Reuter;RS
Picada Café;RS
Presidente Lucena;RS
Capitão;RS
Itapuca;RS
Colinas;RS
Mato Leitão;RS
Santa Clara do Sul;RS
Sério;RS
Travesseiro;RS
Maratá;RS
Pareci Novo;RS
São Pedro da Serra;RS
Alto Feliz;RS
Linha Nova;RS
Vale Real;RS
Inhacorá;RS
Vitória das Missões;RS
Coronel Barros;RS
Novo Machado;RS
São José do Inhacorá;RS
Salvador das Missões;RS
São Pedro do Butiá;RS
Porto Mauá;RS
Porto Vera Cruz;RS
Barra do Guarita;RS
Bom Progresso;RS
Derrubadas;RS
São Valério do Sul;RS
Tiradentes do Sul;RS
Manoel Viana;RS
Garruchos;RS
Candiota;RS
Hulha Negra;RS
São José do Povo;MT
Adamantina;SP
Adolfo;SP
Aguaí;SP
Águas da Prata;SP
Águas de Lindóia;SP
Águas de São Pedro;SP
Agudos;SP
Alfredo Marcondes;SP
Altair;SP
Altinópolis;SP
Alto Alegre;SP
Álvares Florence;SP
Álvares Machado;SP
Álvaro de Carvalho;SP
Alvinlândia;SP
Americana;SP
Américo Brasiliense;SP
Américo de Campos;SP
Amparo;SP
Analândia;SP
Andradina;SP
Angatuba;SP
Anhembi;SP
Anhumas;SP
Aparecida;SP
Aparecida d'Oeste;SP
Apiaí;SP
Araçatuba;SP
Araçoiaba da Serra;SP
Aramina;SP
Arandu;SP
Araraquara;SP
Araras;SP
Arealva;SP
Areias;SP
Areiópolis;SP
Ariranha;SP
Artur Nogueira;SP
Arujá;SP
Assis;SP
Atibaia;SP
Auriflama;SP
Avaí;SP
Avanhandava;SP
Avaré;SP
Bady Bassitt;SP
Balbinos;SP
Bálsamo;SP
Bananal;SP
Barbosa;SP
Barão de Antonina;SP
Bariri;SP
Barra Bonita;SP
Barra do Turvo;SP
Barretos;SP
Barrinha;SP
Barueri;SP
Bastos;SP
Batatais;SP
Bauru;SP
Bebedouro;SP
Bento de Abreu;SP
Bernardino de Campos;SP
Bilac;SP
Birigui;SP
Biritiba Mirim;SP
Boa Esperança do Sul;SP
Bocaina;SP
Bofete;SP
Boituva;SP
Bom Jesus dos Perdões;SP
Borá;SP
Boracéia;SP
Borborema;SP
Botucatu;SP
Bragança Paulista;SP
Braúna;SP
Brodowski;SP
Brotas;SP
Buri;SP
Buritama;SP
Buritizal;SP
Cabrália Paulista;SP
Cabreúva;SP
Caçapava;SP
Cachoeira Paulista;SP
Caconde;SP
Cafelândia;SP
Caiabu;SP
Caieiras;SP
Caiuá;SP
Cajamar;SP
Cajobi;SP
Cajuru;SP
Campinas;SP
Campo Limpo Paulista;SP
Campos do Jordão;SP
Campos Novos Paulista;SP
Cananéia;SP
Cândido Mota;SP
Cândido Rodrigues;SP
Capão Bonito;SP
Capela do Alto;SP
Capivari;SP
Caraguatatuba;SP
Carapicuíba;SP
Cardoso;SP
Casa Branca;SP
Cássia dos Coqueiros;SP
Castilho;SP
Catanduva;SP
Catiguá;SP
Cedral;SP
Cerqueira César;SP
Cerquilho;SP
Cesário Lange;SP
Charqueada;SP
Chavantes;SP
Clementina;SP
Colina;SP
Colômbia;SP
Conchal;SP
Conchas;SP
Cordeirópolis;SP
Coroados;SP
Coronel Macedo;SP
Corumbataí;SP
Cosmópolis;SP
Cosmorama;SP
Cotia;SP
Cravinhos;SP
Cristais Paulista;SP
Cruzália;SP
Cruzeiro;SP
Cubatão;SP
Cunha;SP
Descalvado;SP
Diadema;SP
Divinolândia;SP
Dobrada;SP
Dois Córregos;SP
Dolcinópolis;SP
Dourado;SP
Dracena;SP
Duartina;SP
Dumont;SP
Echaporã;SP
Eldorado;SP
Elias Fausto;SP
Embu das Artes;SP
Embu-Guaçu;SP
Estrela d'Oeste;SP
Estrela do Norte;SP
Fartura;SP
Fernandópolis;SP
Fernando Prestes;SP
Ferraz de Vasconcelos;SP
Flora Rica;SP
Floreal;SP
Flórida Paulista;SP
Florínea;SP
Franca;SP
Francisco Morato;SP
Franco da Rocha;SP
Gabriel Monteiro;SP
Gália;SP
Garça;SP
Gastão Vidigal;SP
General Salgado;SP
Getulina;SP
Glicério;SP
Guaiçara;SP
Guaimbê;SP
Guaíra;SP
Guapiaçu;SP
Guapiara;SP
Guará;SP
Guaraçaí;SP
Guaraci;SP
Guarani d'Oeste;SP
Guarantã;SP
Guararapes;SP
Guararema;SP
Guaratinguetá;SP
Guareí;SP
Guariba;SP
Guarujá;SP
Guarulhos;SP
Guzolândia;SP
Herculândia;SP
Iacanga;SP
Iacri;SP
Ibaté;SP
Ibirá;SP
Ibirarema;SP
Ibitinga;SP
Ibiúna;SP
Icém;SP
Iepê;SP
Igaraçu do Tietê;SP
Igarapava;SP
Igaratá;SP
Iguape;SP
Ilhabela;SP
Indaiatuba;SP
Indiana;SP
Indiaporã;SP
Inúbia Paulista;SP
Ipaussu;SP
Iperó;SP
Ipeúna;SP
Iporanga;SP
Ipuã;SP
Iracemápolis;SP
Irapuã;SP
Irapuru;SP
Itaberá;SP
Itaí;SP
Itajobi;SP
Itaju;SP
Itanhaém;SP
Itapecerica da Serra;SP
Itapetininga;SP
Itapeva;SP
Itapevi;SP
Itapira;SP
Itápolis;SP
Itaporanga;SP
Itapuí;SP
Itapura;SP
Itaquaquecetuba;SP
Itararé;SP
Itariri;SP
Itatiba;SP
Itatinga;SP
Itirapina;SP
Itirapuã;SP
Itobi;SP
Itu;SP
Itupeva;SP
Ituverava;SP
Jaborandi;SP
Jaboticabal;SP
Jacareí;SP
Jaci;SP
Jacupiranga;SP
Jaguariúna;SP
Jales;SP
Jambeiro;SP
Jandira;SP
Jardinópolis;SP
Jarinu;SP
Jaú;SP
Jeriquara;SP
Joanópolis;SP
João Ramalho;SP
José Bonifácio;SP
Júlio Mesquita;SP
Jundiaí;SP
Junqueirópolis;SP
Juquiá;SP
Juquitiba;SP
Lagoinha;SP
Laranjal Paulista;SP
Lavínia;SP
Lavrinhas;SP
Leme;SP
Lençóis Paulista;SP
Limeira;SP
Lindóia;SP
Lins;SP
Lorena;SP
Louveira;SP
Lucélia;SP
Lucianópolis;SP
Luís Antônio;SP
Luiziânia;SP
Lupércio;SP
Lutécia;SP
Macatuba;SP
Macaubal;SP
Macedônia;SP
Magda;SP
Mairinque;SP
Mairiporã;SP
Manduri;SP
Marabá Paulista;SP
Maracaí;SP
Mariápolis;SP
Marília;SP
Marinópolis;SP
Martinópolis;SP
Matão;SP
Mauá;SP
Mendonça;SP
Meridiano;SP
Miguelópolis;SP
Mineiros do Tietê;SP
Miracatu;SP
Mira Estrela;SP
Mirandópolis;SP
Mirante do Paranapanema;SP
Mirassol;SP
Mirassolândia;SP
Mococa;SP
Mogi das Cruzes;SP
Mogi Guaçu;SP
Mogi Mirim;SP
Mombuca;SP
Monções;SP
Mongaguá;SP
Monte Alegre do Sul;SP
Monte Alto;SP
Monte Aprazível;SP
Monte Azul Paulista;SP
Monte Castelo;SP
Monteiro Lobato;SP
Monte Mor;SP
Morro Agudo;SP
Morungaba;SP
Murutinga do Sul;SP
Narandiba;SP
Natividade da Serra;SP
Nazaré Paulista;SP
Neves Paulista;SP
Nhandeara;SP
Nipoã;SP
Nova Aliança;SP
Nova Europa;SP
Nova Granada;SP
Nova Guataporanga;SP
Nova Independência;SP
Nova Luzitânia;SP
Nova Odessa;SP
Novo Horizonte;SP
Nuporanga;SP
Ocauçu;SP
Óleo;SP
Olímpia;SP
Onda Verde;SP
Oriente;SP
Orindiúva;SP
Orlândia;SP
Osasco;SP
Oscar Bressane;SP
Osvaldo Cruz;SP
Ourinhos;SP
Ouro Verde;SP
Pacaembu;SP
Palestina;SP
Palmares Paulista;SP
Palmeira d'Oeste;SP
Palmital;SP
Panorama;SP
Paraguaçu Paulista;SP
Paraibuna;SP
Paraíso;SP
Paranapanema;SP
Paranapuã;SP
Parapuã;SP
Pardinho;SP
Pariquera-Açu;SP
Patrocínio Paulista;SP
Paulicéia;SP
Paulínia;SP
Paulo de Faria;SP
Pederneiras;SP
Pedra Bela;SP
Pedranópolis;SP
Pedregulho;SP
Pedreira;SP
Pedro de Toledo;SP
Penápolis;SP
Pereira Barreto;SP
Pereiras;SP
Peruíbe;SP
Piacatu;SP
Piedade;SP
Pilar do Sul;SP
Pindamonhangaba;SP
Pindorama;SP
Espírito Santo do Pinhal;SP
Pinhalzinho;SP
Piquerobi;SP
Piquete;SP
Piracaia;SP
Piracicaba;SP
Piraju;SP
Pirajuí;SP
Pirangi;SP
Pirapora do Bom Jesus;SP
Pirapozinho;SP
Pirassununga;SP
Piratininga;SP
Pitangueiras;SP
Planalto;SP
Platina;SP
Poá;SP
Poloni;SP
Pompéia;SP
Pongaí;SP
Pontal;SP
Pontes Gestal;SP
Populina;SP
Porangaba;SP
Porto Feliz;SP
Porto Ferreira;SP
Potirendaba;SP
Pradópolis;SP
Praia Grande;SP
Presidente Alves;SP
Presidente Bernardes;SP
Presidente Epitácio;SP
Presidente Prudente;SP
Presidente Venceslau;SP
Promissão;SP
Quatá;SP
Queiroz;SP
Queluz;SP
Quintana;SP
Rafard;SP
Rancharia;SP
Redenção da Serra;SP
Regente Feijó;SP
Reginópolis;SP
Registro;SP
Restinga;SP
Ribeira;SP
Ribeirão Bonito;SP
Ribeirão Branco;SP
Ribeirão Corrente;SP
Ribeirão do Sul;SP
Ribeirão Pires;SP
Ribeirão Preto;SP
Riversul;SP
Rifaina;SP
Rincão;SP
Rinópolis;SP
Rio Claro;SP
Rio das Pedras;SP
Rio Grande da Serra;SP
Riolândia;SP
Roseira;SP
Rubiácea;SP
Rubinéia;SP
Sabino;SP
Sagres;SP
Sales;SP
Sales Oliveira;SP
Salesópolis;SP
Salmourão;SP
Salto;SP
Salto de Pirapora;SP
Salto Grande;SP
Sandovalina;SP
Santa Adélia;SP
Santa Albertina;SP
Santa Bárbara d'Oeste;SP
Águas de Santa Bárbara;SP
Santa Branca;SP
Santa Clara d'Oeste;SP
Santa Cruz da Conceição;SP
Santa Cruz das Palmeiras;SP
Santa Cruz do Rio Pardo;SP
Santa Ernestina;SP
Santa Fé do Sul;SP
Santa Gertrudes;SP
Santa Isabel;SP
Santa Lúcia;SP
Santa Maria da Serra;SP
Santa Mercedes;SP
Santana da Ponte Pensa;SP
Santana de Parnaíba;SP
Santa Rita d'Oeste;SP
Santa Rita do Passa Quatro;SP
Santa Rosa de Viterbo;SP
Santo Anastácio;SP
Santo André;SP
Santo Antônio da Alegria;SP
Santo Antônio de Posse;SP
Santo Antônio do Jardim;SP
Santo Antônio do Pinhal;SP
Santo Expedito;SP
Santópolis do Aguapeí;SP
Santos;SP
São Bento do Sapucaí;SP
São Bernardo do Campo;SP
São Caetano do Sul;SP
São Carlos;SP
São Francisco;SP
São João da Boa Vista;SP
São João das Duas Pontes;SP
São João do Pau d'Alho;SP
São Joaquim da Barra;SP
São José da Bela Vista;SP
São José do Barreiro;SP
São José do Rio Pardo;SP
São José do Rio Preto;SP
São José dos Campos;SP
São Luiz do Paraitinga;SP
São Manuel;SP
São Miguel Arcanjo;SP
São Paulo;SP
São Pedro;SP
São Pedro do Turvo;SP
São Roque;SP
São Sebastião;SP
São Sebastião da Grama;SP
São Simão;SP
São Vicente;SP
Sarapuí;SP
Sarutaiá;SP
Sebastianópolis do Sul;SP
Serra Azul;SP
Serrana;SP
Serra Negra;SP
Sertãozinho;SP
Sete Barras;SP
Severínia;SP
Silveiras;SP
Socorro;SP
Sorocaba;SP
Sud Mennucci;SP
Sumaré;SP
Suzano;SP
Tabapuã;SP
Tabatinga;SP
Taboão da Serra;SP
Taciba;SP
Taguaí;SP
Taiaçu;SP
Taiúva;SP
Tambaú;SP
Tanabi;SP
Tapiraí;SP
Tapiratiba;SP
Taquaritinga;SP
Taquarituba;SP
Tarabai;SP
Tatuí;SP
Taubaté;SP
Tejupá;SP
Teodoro Sampaio;SP
Terra Roxa;SP
Tietê;SP
Timburi;SP
Torrinha;SP
Tremembé;SP
Três Fronteiras;SP
Tupã;SP
Tupi Paulista;SP
Turiúba;SP
Turmalina;SP
Ubatuba;SP
Ubirajara;SP
Uchoa;SP
União Paulista;SP
Urânia;SP
Uru;SP
Urupês;SP
Valentim Gentil;SP
Valinhos;SP
Valparaíso;SP
Vargem Grande do Sul;SP
Várzea Paulista;SP
Vera Cruz;SP
Vinhedo;SP
Viradouro;SP
Vista Alegre do Alto;SP
Votorantim;SP
Votuporanga;SP
Borebi;SP
Dirce Reis;SP
Embaúba;SP
Espírito Santo do Turvo;SP
Euclides da Cunha Paulista;SP
Guatapará;SP
Iaras;SP
Motuca;SP
Rosana;SP
Tarumã;SP
Vargem Grande Paulista;SP
São Vendelino;RS
Imigrante;RS
Imbé;RS
Ibirapuitã;RS
Estação;RS
Vista Gaúcha;RS
Vista Alegre do Prata;RS
Vista Alegre;RS
Vila Maria;RS
Vila Flores;RS
Taquaruçu do Sul;RS
Silveira Martins;RS
Segredo;RS
Vanini;RS
Tupandi;RS
Tunas;RS
Trindade do Sul;RS
Três Palmeiras;RS
Três Cachoeiras;RS
Três Arroios;RS
Terra de Areia;RS
Sede Nova;RS
Santa Maria do Herval;RS
Saldanha Marinho;RS
São Miguel das Missões;RS
São José do Hortêncio;RS
São José do Herval;RS
São Jorge;RS
São João da Urtiga;RS
São Domingos do Sul;RS
Riozinho;RS
Relvado;RS
Quinze de Novembro;RS
Protásio Alves;RS
Progresso;RS
Pouso Novo;RS
Poço das Antas;RS
Pirapó;RS
Pinhal;RS
Paverama;RS
Paraíso do Sul;RS
Pantano Grande;RS
Nova Roma do Sul;RS
Nova Hartz;RS
Nova Esperança do Sul;RS
Nova Alvorada;RS
Morro Redondo;RS
Montauri;RS
Lagoão;RS
Jaquirana;RS
Jaboticaba;RS
Ivorá;RS
Itacurubi;RS
Ipiranga do Sul;RS
Abatiá;PR
Adrianópolis;PR
Agudos do Sul;PR
Almirante Tamandaré;PR
Alto Paraná;PR
Alto Piquiri;PR
Alvorada do Sul;PR
Amaporã;PR
Ampére;PR
Andirá;PR
Antonina;PR
Antônio Olinto;PR
Apucarana;PR
Arapongas;PR
Arapoti;PR
Araruna;PR
Marilândia do Sul;PR
Araucária;PR
Assaí;PR
Astorga;PR
Atalaia;PR
Balsa Nova;PR
Bandeirantes;PR
Barbosa Ferraz;PR
Barracão;PR
Barra do Jacaré;PR
Bela Vista do Paraíso;PR
Bituruna;PR
Boa Esperança;PR
Bocaiúva do Sul;PR
Bom Sucesso;PR
Borrazópolis;PR
Cafeara;PR
Califórnia;PR
Cambará;PR
Cambé;PR
Cambira;PR
Campina da Lagoa;PR
Campina Grande do Sul;PR
Campo do Tenente;PR
Campo Largo;PR
Campo Mourão;PR
Cândido de Abreu;PR
Capanema;PR
Capitão Leônidas Marques;PR
Carlópolis;PR
Cascavel;PR
Castro;PR
Catanduvas;PR
Centenário do Sul;PR
Cerro Azul;PR
Chopinzinho;PR
Cianorte;PR
Cidade Gaúcha;PR
Clevelândia;PR
Mangueirinha;PR
Colombo;PR
Colorado;PR
Congonhinhas;PR
Conselheiro Mairinck;PR
Contenda;PR
Corbélia;PR
Cornélio Procópio;PR
Coronel Vivida;PR
Cruzeiro do Oeste;PR
Cruzeiro do Sul;PR
Cruz Machado;PR
Curitiba;PR
Curiúva;PR
Diamante do Norte;PR
Dois Vizinhos;PR
Doutor Camargo;PR
Enéas Marques;PR
Engenheiro Beltrão;PR
Faxinal;PR
Fênix;PR
Floraí;PR
Floresta;PR
Florestópolis;PR
Flórida;PR
Formosa do Oeste;PR
Foz do Iguaçu;PR
Francisco Beltrão;PR
General Carneiro;PR
Goioerê;PR
Guaíra;PR
Guairaçá;PR
Guapirama;PR
Guaporema;PR
Guaraci;PR
Guaraniaçu;PR
Guarapuava;PR
Guaraqueçaba;PR
Guaratuba;PR
Ibaiti;PR
Ibiporã;PR
Icaraíma;PR
Iguaraçu;PR
Imbituva;PR
Inácio Martins;PR
Inajá;PR
Ipiranga;PR
Iporã;PR
Irati;PR
Iretama;PR
Itaguajé;PR
Itambaracá;PR
Itambé;PR
Itapejara d'Oeste;PR
Itaúna do Sul;PR
Ivaí;PR
Ivaiporã;PR
Ivatuba;PR
Jaboti;PR
Jacarezinho;PR
Jaguapitã;PR
Jaguariaíva;PR
Jandaia do Sul;PR
Janiópolis;PR
Japira;PR
Japurá;PR
Jardim Alegre;PR
Jardim Olinda;PR
Jataizinho;PR
Joaquim Távora;PR
Jundiaí do Sul;PR
Jussara;PR
Kaloré;PR
Lapa;PR
Laranjeiras do Sul;PR
Leópolis;PR
Loanda;PR
Lobato;PR
Londrina;PR
Lupionópolis;PR
Mallet;PR
Mamborê;PR
Mandaguaçu;PR
Mandaguari;PR
Mandirituba;PR
Manoel Ribas;PR
Marechal Cândido Rondon;PR
Maria Helena;PR
Marialva;PR
Mariluz;PR
Maringá;PR
Mariópolis;PR
Marmeleiro;PR
Marumbi;PR
Matelândia;PR
Medianeira;PR
Mirador;PR
Miraselva;PR
Moreira Sales;PR
Morretes;PR
Munhoz de Melo;PR
Nossa Senhora das Graças;PR
Nova Aliança do Ivaí;PR
Nova América da Colina;PR
Nova Cantu;PR
Nova Esperança;PR
Nova Fátima;PR
Nova Londrina;PR
Ortigueira;PR
Ourizona;PR
Paiçandu;PR
Palmas;PR
Palmeira;PR
Palmital;PR
Palotina;PR
Paraíso do Norte;PR
Paranacity;PR
Paranaguá;PR
Paranapoema;PR
Paranavaí;PR
Pato Branco;PR
Paula Freitas;PR
Paulo Frontin;PR
Peabiru;PR
Pérola d'Oeste;PR
Piên;PR
Pinhalão;PR
Pinhão;PR
Piraí do Sul;PR
Piraquara;PR
Pitanga;PR
Planaltina do Paraná;PR
Planalto;PR
Ponta Grossa;PR
Porecatu;PR
Porto Amazonas;PR
Porto Rico;PR
Porto Vitória;PR
Presidente Castelo Branco;PR
Primeiro de Maio;PR
Prudentópolis;PR
Quatiguá;PR
Quatro Barras;PR
Querência do Norte;PR
Quinta do Sol;PR
Quitandinha;PR
Rancho Alegre;PR
Realeza;PR
Rebouças;PR
Renascença;PR
Reserva;PR
Ribeirão Claro;PR
Ribeirão do Pinhal;PR
Rio Azul;PR
Rio Bom;PR
Rio Branco do Sul;PR
Rio Negro;PR
Rolândia;PR
Roncador;PR
Rondon;PR
Sabáudia;PR
Salgado Filho;PR
Salto do Itararé;PR
Salto do Lontra;PR
Santa Amélia;PR
Santa Cecília do Pavão;PR
Santa Cruz de Monte Castelo;PR
Santa Fé;PR
Santa Inês;PR
Santa Isabel do Ivaí;PR
Santa Izabel do Oeste;PR
Santa Mariana;PR
Santana do Itararé;PR
Santo Antônio do Sudoeste;PR
Santo Antônio da Platina;PR
Santo Antônio do Caiuá;PR
Santo Antônio do Paraíso;PR
Santo Inácio;PR
São Carlos do Ivaí;PR
São Jerônimo da Serra;PR
São João;PR
São João do Caiuá;PR
São João do Ivaí;PR
São João do Triunfo;PR
São Jorge do Ivaí;PR
São Jorge d'Oeste;PR
São José da Boa Vista;PR
São José dos Pinhais;PR
São Mateus do Sul;PR
São Miguel do Iguaçu;PR
São Pedro do Ivaí;PR
São Pedro do Paraná;PR
São Sebastião da Amoreira;PR
São Tomé;PR
Sapopema;PR
Sengés;PR
Sertaneja;PR
Sertanópolis;PR
Siqueira Campos;PR
Tamboara;PR
Tapejara;PR
Teixeira Soares;PR
Telêmaco Borba;PR
Terra Boa;PR
Terra Rica;PR
Terra Roxa;PR
Tibagi;PR
Tijucas do Sul;PR
Toledo;PR
Tomazina;PR
Tuneiras do Oeste;PR
Ubiratã;PR
Umuarama;PR
União da Vitória;PR
Uniflor;PR
Uraí;PR
Wenceslau Braz;PR
Verê;PR
Vitorino;PR
Xambrê;PR
Altônia;PR
Assis Chateaubriand;PR
Quedas do Iguaçu;PR
Céu Azul;PR
Grandes Rios;PR
Indianópolis;PR
Matinhos;PR
Nova Aurora;PR
Nova Olímpia;PR
Pérola;PR
Santa Helena;PR
Tapira;PR
Marilena;PR
Francisco Alves;PR
Nova Santa Rosa;PR
Boa Vista da Aparecida;PR
Braganey;PR
Cafelândia;PR
Três Barras do Paraná;PR
Vera Cruz do Oeste;PR
Pranchita;PR
Tupãssi;PR
Nova Prata do Iguaçu;PR
Jesuítas;PR
São Jorge do Patrocínio;PR
Abelardo Luz;SC
Agrolândia;SC
Agronômica;SC
Água Doce;SC
Águas de Chapecó;SC
Águas Mornas;SC
Alfredo Wagner;SC
Anchieta;SC
Angelina;SC
Anita Garibaldi;SC
Anitápolis;SC
Antônio Carlos;SC
Araquari;SC
Araranguá;SC
Armazém;SC
Arroio Trinta;SC
Ascurra;SC
Atalanta;SC
Aurora;SC
Balneário Camboriú;SC
Barra Velha;SC
Benedito Novo;SC
Biguaçu;SC
Blumenau;SC
Bom Retiro;SC
Botuverá;SC
Braço do Norte;SC
Brusque;SC
Caçador;SC
Caibi;SC
Camboriú;SC
Campo Alegre;SC
Campo Belo do Sul;SC
Campo Erê;SC
Campos Novos;SC
Canelinha;SC
Canoinhas;SC
Capinzal;SC
Catanduvas;SC
Caxambu do Sul;SC
Chapecó;SC
Concórdia;SC
Coronel Freitas;SC
Corupá;SC
Criciúma;SC
Cunha Porã;SC
Curitibanos;SC
Descanso;SC
Dionísio Cerqueira;SC
Dona Emma;SC
Erval Velho;SC
Faxinal dos Guedes;SC
Florianópolis;SC
Fraiburgo;SC
Galvão;SC
Governador Celso Ramos;SC
Garopaba;SC
Garuva;SC
Gaspar;SC
Grão-Pará;SC
Gravatal;SC
Guabiruba;SC
Guaraciaba;SC
Guaramirim;SC
Guarujá do Sul;SC
Herval d'Oeste;SC
Ibicaré;SC
Ibirama;SC
Içara;SC
Ilhota;SC
Imaruí;SC
Imbituba;SC
Imbuia;SC
Indaial;SC
Ipira;SC
Ipumirim;SC
Irani;SC
Irineópolis;SC
Itá;SC
Itaiópolis;SC
Itajaí;SC
Itapema;SC
Itapiranga;SC
Ituporanga;SC
Jaborá;SC
Jacinto Machado;SC
Jaguaruna;SC
Jaraguá do Sul;SC
Joaçaba;SC
Joinville;SC
Lacerdópolis;SC
Lages;SC
Laguna;SC
Laurentino;SC
Lauro Müller;SC
Lebon Régis;SC
Leoberto Leal;SC
Lontras;SC
Luiz Alves;SC
Mafra;SC
Major Gercino;SC
Major Vieira;SC
Maravilha;SC
Massaranduba;SC
Matos Costa;SC
Meleiro;SC
Modelo;SC
Mondaí;SC
Monte Castelo;SC
Morro da Fumaça;SC
Navegantes;SC
Nova Erechim;SC
Nova Trento;SC
Nova Veneza;SC
Orleans;SC
Ouro;SC
Palhoça;SC
Palma Sola;SC
Palmitos;SC
Papanduva;SC
Paulo Lopes;SC
Pedras Grandes;SC
Penha;SC
Peritiba;SC
Petrolândia;SC
Balneário Piçarras;SC
Pinhalzinho;SC
Pinheiro Preto;SC
Piratuba;SC
Pomerode;SC
Ponte Alta;SC
Ponte Serrada;SC
Porto Belo;SC
Porto União;SC
Pouso Redondo;SC
Praia Grande;SC
Presidente Castello Branco;SC
Presidente Getúlio;SC
Presidente Nereu;SC
Quilombo;SC
Rancho Queimado;SC
Rio das Antas;SC
Rio do Campo;SC
Rio do Oeste;SC
Rio dos Cedros;SC
Rio do Sul;SC
Rio Fortuna;SC
Rio Negrinho;SC
Rodeio;SC
Romelândia;SC
Salete;SC
Salto Veloso;SC
Santa Cecília;SC
Santa Rosa de Lima;SC
Santo Amaro da Imperatriz;SC
São Bento do Sul;SC
São Bonifácio;SC
São Carlos;SC
São Domingos;SC
São Francisco do Sul;SC
São João Batista;SC
São João do Sul;SC
São Joaquim;SC
São José;SC
São José do Cedro;SC
São José do Cerrito;SC
São Lourenço do Oeste;SC
São Ludgero;SC
São Martinho;SC
São Miguel do Oeste;SC
Saudades;SC
Schroeder;SC
Seara;SC
Siderópolis;SC
Sombrio;SC
Taió;SC
Tangará;SC
Tijucas;SC
Timbó;SC
Três Barras;SC
Treze de Maio;SC
Treze Tílias;SC
Trombudo Central;SC
Tubarão;SC
Turvo;SC
Urubici;SC
Urussanga;SC
Vargeão;SC
Vidal Ramos;SC
Videira;SC
Witmarsum;SC
Xanxerê;SC
Xavantina;SC
Xaxim;SC
Bom Jardim da Serra;SC
Maracajá;SC
Timbé do Sul;SC
Correia Pinto;SC
Otacílio Costa;SC
Ipê;RS
Ibarama;RS
Harmonia;RS
Guabiju;RS
Glorinha;RS
Faxinalzinho;RS
Fagundes Varela;RS
Eugênio de Castro;RS
Ernestina;RS
Erebango;RS
Entre-Ijuís;RS
Entre Rios do Sul;RS
Eldorado do Sul;RS
Doutor Maurício Cardoso;RS
Dois Lajeados;RS
Dezesseis de Novembro;RS
Cristal;RS
Cidreira;RS
Cerro Grande do Sul;RS
Cerro Grande;RS
Cerro Branco;RS
Caseiros;RS
Capela de Santana;RS
Campos Borges;RS
Camargo;RS
Brochier;RS
Cantagalo;PR
Turvo;PR
Altamira do Paraná;PR
Figueira;PR
Lunardelli;PR
Sarandi;PR
Juranda;PR
Douradina;PR
Santa Terezinha de Itaipu;PR
Missal;PR
São José das Palmeiras;PR
Rosário do Ivaí;PR
Campo Bonito;PR
Sulina;PR
Corumbataí do Sul;PR
Luiziana;PR
Boqueirão do Leão;RS
Barão;RS
Áurea;RS
Arroio do Sal;RS
André da Rocha;RS
Amaral Ferrador;RS
Alto Alegre;RS
Alegria;RS
Água Santa;RS
Agudo;RS
Ajuricaba;RS
Alecrim;RS
Alegrete;RS
Alpestre;RS
Alvorada;RS
Anta Gorda;RS
Antônio Prado;RS
Aratiba;RS
Arroio do Meio;RS
Arroio dos Ratos;RS
Arroio do Tigre;RS
Arroio Grande;RS
Arvorezinha;RS
Augusto Pestana;RS
Bagé;RS
Barão de Cotegipe;RS
Barracão;RS
Barra do Ribeiro;RS
Barros Cassal;RS
Bento Gonçalves;RS
Boa Vista do Buricá;RS
Bom Jesus;RS
Bom Retiro do Sul;RS
Bossoroca;RS
Braga;RS
Butiá;RS
Caçapava do Sul;RS
Cacequi;RS
Cachoeira do Sul;RS
Cachoeirinha;RS
Cacique Doble;RS
Caibaté;RS
Caiçara;RS
Camaquã;RS
Cambará do Sul;RS
Campina das Missões;RS
Campinas do Sul;RS
Campo Bom;RS
Campo Novo;RS
Candelária;RS
Cândido Godói;RS
Canela;RS
Canguçu;RS
Canoas;RS
Carazinho;RS
Carlos Barbosa;RS
Casca;RS
Catuípe;RS
Caxias do Sul;RS
Cerro Largo;RS
Chapada;RS
Chiapetta;RS
Ciríaco;RS
Colorado;RS
Condor;RS
Constantina;RS
Coronel Bicaco;RS
Crissiumal;RS
Cruz Alta;RS
Cruzeiro do Sul;RS
David Canabarro;RS
Dois Irmãos;RS
Dom Feliciano;RS
Dom Pedrito;RS
Dona Francisca;RS
Encantado;RS
Encruzilhada do Sul;RS
Erechim;RS
Herval;RS
Erval Grande;RS
Erval Seco;RS
Esmeralda;RS
Espumoso;RS
Estância Velha;RS
Esteio;RS
Estrela;RS
Farroupilha;RS
Faxinal do Soturno;RS
Feliz;RS
Flores da Cunha;RS
Fontoura Xavier;RS
Formigueiro;RS
Frederico Westphalen;RS
Garibaldi;RS
Gaurama;RS
General Câmara;RS
São Vicente do Sul;RS
Getúlio Vargas;RS
Flores de Goiás;GO
Formosa;GO
Formoso;GO
Formoso do Araguaia;TO
Goianápolis;GO
Goiandira;GO
Goianésia;GO
Goiânia;GO
Goianira;GO
Goiás;GO
Goiatuba;GO
Guapó;GO
Guarani de Goiás;GO
Gurupi;TO
Heitoraí;GO
Hidrolândia;GO
Hidrolina;GO
Iaciara;GO
Inhumas;GO
Ipameri;GO
Iporá;GO
Israelândia;GO
Itaberaí;GO
Itacajá;TO
Itaguaru;GO
Itaguatins;TO
Itajá;GO
Itapaci;GO
Itapirapuã;GO
Itaporã do Tocantins;TO
Itapuranga;GO
Itarumã;GO
Itauçu;GO
Itumbiara;GO
Ivolândia;GO
Jandaia;GO
Jaraguá;GO
Jataí;GO
Jaupaci;GO
Joviânia;GO
Jussara;GO
Aliança do Tocantins;TO
Leopoldo de Bulhões;GO
Luziânia;GO
Mairipotaba;GO
Mambaí;GO
Mara Rosa;GO
Marzagão;GO
Paranaiguara;GO
Maurilândia;GO
Mineiros;GO
Miracema do Tocantins;TO
Miranorte;TO
Moiporá;GO
Monte Alegre de Goiás;GO
Monte do Carmo;TO
Montes Claros de Goiás;GO
Morrinhos;GO
Mossâmedes;GO
Mozarlândia;GO
Mutunópolis;GO
Natividade;TO
Nazaré;TO
Nazário;GO
Nerópolis;GO
Niquelândia;GO
Nova América;GO
Nova Aurora;GO
Nova Roma;GO
Nova Veneza;GO
Novo Acordo;TO
Novo Brasil;GO
Orizona;GO
Ouro Verde de Goiás;GO
Ouvidor;GO
Padre Bernardo;GO
Palmeiras de Goiás;GO
Palmelo;GO
Palminópolis;GO
Panamá;GO
Paraíso do Tocantins;TO
Paranã;TO
Paraúna;GO
Pedro Afonso;TO
Peixe;TO
Colméia;TO
Petrolina de Goiás;GO
Goiatins;TO
Pilar de Goiás;GO
Pindorama do Tocantins;TO
Piracanjuba;GO
Piranhas;GO
Pirenópolis;GO
Pires do Rio;GO
Pium;TO
Pontalina;GO
Ponte Alta do Bom Jesus;TO
Ponte Alta do Tocantins;TO
Porangatu;GO
Portelândia;GO
Porto Nacional;TO
Posse;GO
Quirinópolis;GO
Rialma;GO
Rianápolis;GO
Lizarda;TO
Campo Limpo de Goiás;GO
Gameleira de Goiás;GO
Ipiranga de Goiás;GO
Lagoa Santa;GO
Bom Jesus do Araguaia;MT
Colniza;MT
Conquista D'Oeste;MT
Curvelândia;MT
Nova Nazaré;MT
Nova Santa Helena;MT
Novo Santo Antônio;MT
Rondolândia;MT
Barrocas;BA
Luís Eduardo Magalhães;BA
Governador Lindenberg;ES
Nazária;PI
Mojuí dos Campos;PA
Balneário Rincão;SC
Pescaria Brava;SC
Paraíso das Águas;MS
Giruá;RS
Gramado;RS
Gravataí;RS
Guaíba;RS
Guaporé;RS
Guarani das Missões;RS
Horizontina;RS
Charqueadas;RS
Humaitá;RS
Ibiaçá;RS
Ibiraiaras;RS
Ibirubá;RS
Igrejinha;RS
Ijuí;RS
Ilópolis;RS
Independência;RS
Iraí;RS
Itaqui;RS
Itatiba do Sul;RS
Ivoti;RS
Jacutinga;RS
Jaguarão;RS
Jaguari;RS
Júlio de Castilhos;RS
Lagoa Vermelha;RS
Lajeado;RS
Lavras do Sul;RS
Liberato Salzano;RS
Machadinho;RS
Marau;RS
Marcelino Ramos;RS
Mariano Moro;RS
Mata;RS
Maximiliano de Almeida;RS
Miraguaí;RS
Montenegro;RS
Mostardas;RS
Muçum;RS
Não-Me-Toque;RS
Nonoai;RS
Nova Araçá;RS
Nova Bassano;RS
Nova Bréscia;RS
Nova Palma;RS
Nova Petrópolis;RS
Nova Prata;RS
Novo Hamburgo;RS
Osório;RS
Paim Filho;RS
Palmeira das Missões;RS
Palmitinho;RS
Panambi;RS
Paraí;RS
Passo Fundo;RS
Pedro Osório;RS
Pejuçara;RS
Pelotas;RS
Pinheiro Machado;RS
Piratini;RS
Planalto;RS
Portão;RS
Porto Alegre;RS
Porto Lucena;RS
Porto Xavier;RS
Putinga;RS
Quaraí;RS
Redentora;RS
Restinga Sêca;RS
Rio Grande;RS
Rio Pardo;RS
Roca Sales;RS
Rodeio Bonito;RS
Rolante;RS
Ronda Alta;RS
Rondinha;RS
Roque Gonzales;RS
Rosário do Sul;RS
Salvador do Sul;RS
Sananduva;RS
Santa Bárbara do Sul;RS
Santa Cruz do Sul;RS
Santa Maria;RS
Santana da Boa Vista;RS
Sant'Ana do Livramento;RS
Santa Rosa;RS
Santa Vitória do Palmar;RS
Santiago;RS
Santo Ângelo;RS
Santo Antônio da Patrulha;RS
Santo Antônio das Missões;RS
Santo Augusto;RS
Santo Cristo;RS
São Borja;RS
São Francisco de Assis;RS
São Francisco de Paula;RS
São Gabriel;RS
São Jerônimo;RS
São José do Norte;RS
São José do Ouro;RS
São Leopoldo;RS
São Lourenço do Sul;RS
São Luiz Gonzaga;RS
São Marcos;RS
São Martinho;RS
São Nicolau;RS
São Paulo das Missões;RS
São Pedro do Sul;RS
São Sebastião do Caí;RS
São Sepé;RS
São Valentim;RS
Sapiranga;RS
Sapucaia do Sul;RS
Sarandi;RS
Seberi;RS
Selbach;RS
Serafina Corrêa;RS
Sertão;RS
Severiano de Almeida;RS
Capão da Canoa;RS
Sobradinho;RS
Soledade;RS
Tapejara;RS
Tapera;RS
Tapes;RS
Taquara;RS
Taquari;RS
Tenente Portela;RS
Torres;RS
Tramandaí;RS
Três Coroas;RS
Três de Maio;RS
Três Passos;RS
Triunfo;RS
Tucunduva;RS
Tupanciretã;RS
Tuparendi;RS
Uruguaiana;RS
Vacaria;RS
Venâncio Aires;RS
Vera Cruz;RS
Veranópolis;RS
Viadutos;RS
Viamão;RS
Vicente Dutra;RS
Palmares do Sul;RS
Victor Graeff;RS
Tavares;RS
Capão do Leão;RS
Salto do Jacuí;RS
Cotiporã;RS
Colíder;MT
Nova Brasilândia;MT
Paranatinga;MT
Sinop;MT
Alta Floresta;MT
Araputanga;MT
Jauru;MT
São José dos Quatro Marcos;MT
Rio Branco;MT
Salto do Céu;MT
Pontes e Lacerda;MT
Acorizal;MT
Água Clara;MS
Alto Araguaia;MT
Alto Garças;MT
Alto Paraguai;MT
Amambai;MS
Anastácio;MS
Anaurilândia;MS
Antônio João;MS
Aparecida do Taboado;MS
Aquidauana;MS
Araguainha;MT
Arenápolis;MT
Aripuanã;MT
Bandeirantes;MS
Barão de Melgaço;MT
Barra do Bugres;MT
Barra do Garças;MT
Bataguassu;MS
Batayporã;MS
Bela Vista;MS
Bonito;MS
Brasilândia;MS
Cáceres;MT
Camapuã;MS
Campo Grande;MS
Caracol;MS
Caarapó;MS
Cassilândia;MS
Chapada dos Guimarães;MT
Corguinho;MS
Corumbá;MS
Coxim;MS
Cuiabá;MT
Diamantino;MT
Dom Aquino;MT
Dourados;MS
Fátima do Sul;MS
General Carneiro;MT
Glória de Dourados;MS
Guia Lopes da Laguna;MS
Guiratinga;MT
Iguatemi;MS
Inocência;MS
Itaporã;MS
Itiquira;MT
Ivinhema;MS
Jaciara;MT
Jaraguari;MS
Jardim;MS
Jateí;MS
Ladário;MS
Luciara;MT
Maracaju;MS
Vila Bela da Santíssima Trindade;MT
Miranda;MS
Naviraí;MS
Nioaque;MS
Nobres;MT
Nortelândia;MT
Nossa Senhora do Livramento;MT
Nova Andradina;MS
Paranaíba;MS
Pedro Gomes;MS
Poconé;MT
Ponta Porã;MS
Ponte Branca;MT
Porto dos Gaúchos;MT
Porto Murtinho;MS
Poxoréu;MT
Ribas do Rio Pardo;MS
Rio Brilhante;MS
Rio Negro;MS
Rio Verde de Mato Grosso;MS
Rochedo;MS
Rondonópolis;MT
Rosário Oeste;MT
Santo Antônio do Leverger;MT
Sidrolândia;MS
Terenos;MS
Tesouro;MT
Torixoréu;MT
Três Lagoas;MS
Várzea Grande;MT
Angélica;MS
Aral Moreira;MS
Eldorado;MS
Deodápolis;MS
Mirassol d'Oeste;MT
Mundo Novo;MS
Pedra Preta;MT
São Félix do Araguaia;MT
Tangará da Serra;MT
Vicentina;MS
Juscimeira;MT
Água Boa;MT
Canarana;MT
Nova Xavantina;MT
Santa Terezinha;MT
São José do Rio Claro;MT
Abadiânia;GO
Água Limpa;GO
Alexânia;GO
Almas;TO
Aloândia;GO
Alto Paraíso de Goiás;GO
Alvorada;TO
Alvorada do Norte;GO
Amorinópolis;GO
Ananás;TO
Anápolis;GO
Anhanguera;GO
Anicuns;GO
Aparecida de Goiânia;GO
Aporé;GO
Araçu;GO
Aragarças;GO
Aragoiânia;GO
Araguacema;TO
Araguaçu;TO
Araguaína;TO
Araguatins;TO
Arapoema;TO
Arraias;TO
Aruanã;GO
Aurilândia;GO
Aurora do Tocantins;TO
Avelinópolis;GO
Axixá do Tocantins;TO
Babaçulândia;TO
Baliza;GO
Barro Alto;GO
Bela Vista de Goiás;GO
Bom Jardim de Goiás;GO
Bom Jesus de Goiás;GO
Brazabrantes;GO
Brejinho de Nazaré;TO
Britânia;GO
Buriti Alegre;GO
Cabeceiras;GO
Cachoeira Alta;GO
Cachoeira de Goiás;GO
Caçu;GO
Caiapônia;GO
Caldas Novas;GO
Campestre de Goiás;GO
Campinorte;GO
Campo Alegre de Goiás;GO
Campos Belos;GO
Carmo do Rio Verde;GO
Catalão;GO
Caturaí;GO
Cavalcante;GO
Ceres;GO
Divinópolis de Goiás;GO
Colinas do Tocantins;TO
Conceição do Tocantins;TO
Córrego do Ouro;GO
Corumbá de Goiás;GO
Corumbaíba;GO
Couto Magalhães;TO
Cristalândia;TO
Cristalina;GO
Cristianópolis;GO
Crixás;GO
Cromínia;GO
Cumari;GO
Damianópolis;GO
Damolândia;GO
Davinópolis;GO
Dianópolis;TO
Diorama;GO
Dois Irmãos do Tocantins;TO
Dueré;TO
Edéia;GO
Estrela do Norte;GO
Fazenda Nova;GO
Filadélfia;TO
Firminópolis;GO
Rio Verde;GO
Rubiataba;GO
Sanclerlândia;GO
Santa Bárbara de Goiás;GO
Santa Cruz de Goiás;GO
Santa Helena de Goiás;GO
Santa Rita do Araguaia;GO
Santa Rosa de Goiás;GO
Santa Tereza de Goiás;GO
Santa Terezinha de Goiás;GO
São Domingos;GO
São Francisco de Goiás;GO
Planaltina;GO
São João d'Aliança;GO
São Luís de Montes Belos;GO
São Miguel do Araguaia;GO
São Sebastião do Tocantins;TO
São Simão;GO
Serranópolis;GO
Silvânia;GO
Sítio d'Abadia;GO
Sítio Novo do Tocantins;TO
Taguatinga;TO
Taquaral de Goiás;GO
Tocantínia;TO
Tocantinópolis;TO
Três Ranchos;GO
Trindade;GO
Guaraí;TO
Presidente Kennedy;TO
Turvânia;GO
Uruaçu;GO
Uruana;GO
Urutaí;GO
Varjão;GO
Vianópolis;GO
Xambioá;TO
Acreúna;GO
Minaçu;GO
Palmeirópolis;TO
Mundo Novo;GO
Nova Crixás;GO
Nova Glória;GO
Vicentinópolis;GO
Silvanópolis;TO
Americano do Brasil;GO
Nova Olinda;TO
Wanderlândia;TO
Figueirópolis;TO
Araguapaz;GO
Arenópolis;GO
Cachoeira Dourada;GO
Doverlândia;GO
Santo Antônio do Descoberto;GO
Rio Sono;TO
Indiara;GO
Fátima;TO
Augustinópolis;TO
Campinaçu;GO
Santa Isabel;GO
São Valério;TO
Barrolândia;TO
Bernardo Sayão;TO
Combinado;TO
Goianorte;TO
Brasília;DF
Novo Alegre;TO
Pequizeiro;TO
Marianópolis do Tocantins;TO
Aparecida do Rio Negro;TO
Buriti do Tocantins;TO
Caseara;TO
Divinópolis do Tocantins;TO
Nova Rosalândia;TO
Porto Alegre do Tocantins;TO
Praia Norte;TO
Sampaio;TO
Santa Rosa do Tocantins;TO
Santa Tereza do Tocantins;TO
Palmas;TO
Novo Planalto;GO
Palestina de Goiás;GO
Paranhos;MS
Ribeirão Cascalheira;MT
Santa Fé de Goiás;GO
Santa Rita do Pardo;MS
São João da Paraúna;GO
São Luiz do Norte;GO
São Miguel do Passa Quatro;GO
Senador Canedo;GO
Simolândia;GO
Sonora;MS
Teresina de Goiás;GO
Trombas;GO
Tapurah;MT
Turvelândia;GO
Alagoinha do Piauí;PI
Adelândia;GO
Água Fria de Goiás;GO
Apiacás;MT
Bonfinópolis;GO
Campo Novo do Parecis;MT
Campo Verde;MT
Campos Verdes;GO
Castanheira;MT
Cezarina;GO
Chapadão do Sul;MS
Cláudia;MT
Colinas do Sul;GO
Dois Irmãos do Buriti;MS
Edealina;GO
Faina;GO
Gouvelândia;GO
Bodoquena;MS
Costa Rica;MS
Douradina;MS
Itaquiraí;MS
São Gabriel do Oeste;MS
Selvíria;MS
Sete Quedas;MS
Tacuru;MS
Taquarussu;MS
Juara;MT
Teutônia;RS
Bom Princípio;RS
Parobé;RS
Fortaleza dos Valos;RS
Jóia;RS
Juína;MT
Denise;MT
Iranduba;AM
Itamarati;AM
Manaquiri;AM
Presidente Figueiredo;AM
Rio Preto da Eva;AM
São Sebastião do Uatumã;AM
Tabatinga;AM
Uarini;AM
Tonantins;AM
Quixelô;CE
Umirim;CE
Varjota;CE
Jaborandi;BA
Jangada;MT
Campinápolis;MT
Cocalinho;MT
Novo São Joaquim;MT
Araguaiana;MT
Primavera do Leste;MT
Brasnorte;MT
Porto Esperidião;MT
Indiavaí;MT
Reserva do Cabaçal;MT
Figueirópolis D'Oeste;MT
Comodoro;MT
Paranaíta;MT
Guarantã do Norte;MT
Nova Canaã do Norte;MT
Peixoto de Azevedo;MT
Nova Olímpia;MT
Porto Alegre do Norte;MT
Vila Rica;MT
Marcelândia;MT
Itaúba;MT
Novo Horizonte do Norte;MT
Vera;MT
Sorriso;MT
Terra Nova do Norte;MT
Alto Taquari;MT
Nova Tebas;PR
Diamante D'Oeste;PR
Quiterianópolis;CE
Itaguari;GO
Juruena;MT
Juti;MS
Lucas do Rio Verde;MT
Matrinchã;GO
Matupá;MT
Mimoso de Goiás;GO
Montividiu;GO
Morro Agudo de Goiás;GO
Nova Mutum;MT
Abdon Batista;SC
Apiúna;SC
Celso Ramos;SC
Doutor Pedrinho;SC
Godoy Moreira;PR
Ibema;PR
Iporã do Oeste;SC
Iraceminha;SC
Ivaté;PR
José Boiteux;SC
Lindoeste;PR
Lindóia do Sul;SC
Marema;SC
Ouro Verde do Oeste;PR
Santa Rosa do Sul;SC
Santa Tereza do Oeste;PR
Timbó Grande;SC
União do Oeste;SC
Urupema;SC
Vitor Meireles;SC
Bom Sucesso do Sul;PR
Honório Serpa;PR
Fazenda Rio Grande;PR
Itapoá;SC
Serra Alta;SC
Tunápolis;SC
Guarinos;GO
Rio Quente;GO
